Run	AvgSpotLen	Library Name	Sample Name	SRA Study	Bases	Bytes	Platform	LibraryLayout
ERR1380299	51	B-ALL_A_0-cell_control	SAMEA3942106	ERP015311	176915226	67183708	ILLUMINA	SINGLE
ERR1380300	51	B-ALL_A_10-cell_control	SAMEA3942107	ERP015311	1113279	534891	ILLUMINA	SINGLE
ERR1380301	51	B-ALL_A_cell_01	SAMEA3942108	ERP015311	11628153	4552636	ILLUMINA	SINGLE
ERR1380302	51	B-ALL_A_cell_02	SAMEA3942109	ERP015311	17125545	6657955	ILLUMINA	SINGLE
ERR1380303	51	B-ALL_A_cell_03	SAMEA3942110	ERP015311	12353526	4832698	ILLUMINA	SINGLE
ERR1380304	51	B-ALL_A_cell_04	SAMEA3942111	ERP015311	14210385	5545646	ILLUMINA	SINGLE
ERR1380305	51	B-ALL_A_cell_05	SAMEA3942112	ERP015311	1139034	544187	ILLUMINA	SINGLE
ERR1380306	51	B-ALL_A_cell_06	SAMEA3942113	ERP015311	12389073	4840781	ILLUMINA	SINGLE
ERR1380307	51	B-ALL_A_cell_07	SAMEA3942114	ERP015311	14399697	5548936	ILLUMINA	SINGLE
ERR1380308	51	B-ALL_A_cell_08	SAMEA3942115	ERP015311	14791581	5744382	ILLUMINA	SINGLE
ERR1380309	51	B-ALL_A_cell_09	SAMEA3942116	ERP015311	26846451	10314257	ILLUMINA	SINGLE
ERR1380310	51	B-ALL_A_cell_10	SAMEA3942117	ERP015311	20692230	7951054	ILLUMINA	SINGLE
ERR1380311	51	B-ALL_A_cell_11	SAMEA3942118	ERP015311	25207362	9748562	ILLUMINA	SINGLE
ERR1380312	51	B-ALL_A_cell_12	SAMEA3942119	ERP015311	14090484	5508184	ILLUMINA	SINGLE
ERR1380313	51	B-ALL_A_cell_13	SAMEA3942120	ERP015311	15140217	5894665	ILLUMINA	SINGLE
ERR1380314	51	B-ALL_A_cell_14	SAMEA3942121	ERP015311	23868612	9280280	ILLUMINA	SINGLE
ERR1380315	51	B-ALL_A_cell_15	SAMEA3942122	ERP015311	11092092	4353190	ILLUMINA	SINGLE
ERR1380316	51	B-ALL_A_cell_16	SAMEA3942123	ERP015311	18297882	7093978	ILLUMINA	SINGLE
ERR1380317	51	B-ALL_A_cell_17	SAMEA3942124	ERP015311	13405656	5233697	ILLUMINA	SINGLE
ERR1380318	51	B-ALL_A_cell_18	SAMEA3942125	ERP015311	15068562	5863063	ILLUMINA	SINGLE
ERR1380319	51	B-ALL_A_cell_19	SAMEA3942126	ERP015311	12056604	4719972	ILLUMINA	SINGLE
ERR1380320	51	B-ALL_A_cell_20	SAMEA3942127	ERP015311	26688759	10247363	ILLUMINA	SINGLE
ERR1380321	51	B-ALL_A_cell_21	SAMEA3942128	ERP015311	19220013	7398469	ILLUMINA	SINGLE
ERR1380322	51	B-ALL_A_cell_22	SAMEA3942129	ERP015311	15847077	6155388	ILLUMINA	SINGLE
ERR1380323	51	B-ALL_A_cell_23	SAMEA3942130	ERP015311	38724504	14826528	ILLUMINA	SINGLE
ERR1380324	51	B-ALL_A_cell_24	SAMEA3942131	ERP015311	11801400	4633289	ILLUMINA	SINGLE
ERR1380325	51	B-ALL_A_cell_25	SAMEA3942132	ERP015311	19656726	7631996	ILLUMINA	SINGLE
ERR1380326	51	B-ALL_A_cell_26	SAMEA3942133	ERP015311	16472184	6406061	ILLUMINA	SINGLE
ERR1380327	51	B-ALL_A_cell_27	SAMEA3942134	ERP015311	17315979	6734807	ILLUMINA	SINGLE
ERR1380328	51	B-ALL_A_cell_28	SAMEA3942135	ERP015311	14342220	5605871	ILLUMINA	SINGLE
ERR1380329	51	B-ALL_A_cell_29	SAMEA3942136	ERP015311	13245108	5165355	ILLUMINA	SINGLE
ERR1380330	51	B-ALL_A_cell_30	SAMEA3942137	ERP015311	16622787	6464754	ILLUMINA	SINGLE
ERR1380331	51	B-ALL_A_cell_31	SAMEA3942138	ERP015311	11377080	4443230	ILLUMINA	SINGLE
ERR1380332	51	B-ALL_A_cell_32	SAMEA3942139	ERP015311	20148519	7757878	ILLUMINA	SINGLE
ERR1380333	51	B-ALL_A_cell_33	SAMEA3942140	ERP015311	17003451	6538203	ILLUMINA	SINGLE
ERR1380334	51	B-ALL_A_cell_34	SAMEA3942141	ERP015311	26390766	10146702	ILLUMINA	SINGLE
ERR1380335	51	B-ALL_A_cell_35	SAMEA3942142	ERP015311	17456127	6712559	ILLUMINA	SINGLE
ERR1380336	51	B-ALL_A_cell_36	SAMEA3942143	ERP015311	17088264	6631700	ILLUMINA	SINGLE
ERR1380337	51	B-ALL_A_cell_37	SAMEA3942144	ERP015311	37865358	14542366	ILLUMINA	SINGLE
ERR1380338	51	B-ALL_A_cell_38	SAMEA3942145	ERP015311	14176827	5522910	ILLUMINA	SINGLE
ERR1380339	51	B-ALL_A_cell_39	SAMEA3942146	ERP015311	14643885	5722325	ILLUMINA	SINGLE
ERR1380340	51	B-ALL_A_cell_40	SAMEA3942147	ERP015311	21085797	8173422	ILLUMINA	SINGLE
ERR1380341	51	B-ALL_A_cell_41	SAMEA3942148	ERP015311	15671943	6102214	ILLUMINA	SINGLE
ERR1380342	51	B-ALL_A_cell_42	SAMEA3942149	ERP015311	20158821	7806126	ILLUMINA	SINGLE
ERR1380343	51	B-ALL_A_cell_43	SAMEA3942150	ERP015311	13149993	5140359	ILLUMINA	SINGLE
ERR1380344	51	B-ALL_A_cell_44	SAMEA3942151	ERP015311	13015047	5071371	ILLUMINA	SINGLE
ERR1380345	51	B-ALL_A_cell_45	SAMEA3942152	ERP015311	9365844	3702708	ILLUMINA	SINGLE
ERR1380346	51	B-ALL_A_cell_46	SAMEA3942153	ERP015311	18361122	7122371	ILLUMINA	SINGLE
ERR1380347	51	B-ALL_B_0-cell_control_A	SAMEA3942154	ERP015311	727107	357056	ILLUMINA	SINGLE
ERR1380348	51	B-ALL_B_0-cell_control_B	SAMEA3942155	ERP015311	509592	273733	ILLUMINA	SINGLE
ERR1380349	51	B-ALL_B_10-cell_control_A	SAMEA3942156	ERP015311	43363872	16546843	ILLUMINA	SINGLE
ERR1380350	51	B-ALL_B_10-cell_control_B	SAMEA3942157	ERP015311	333125523	126576791	ILLUMINA	SINGLE
ERR1380351	51	B-ALL_B_cell_01	SAMEA3942158	ERP015311	39147498	15025506	ILLUMINA	SINGLE
ERR1380352	51	B-ALL_B_cell_02	SAMEA3942159	ERP015311	38814876	14815276	ILLUMINA	SINGLE
ERR1380353	51	B-ALL_B_cell_03	SAMEA3942160	ERP015311	32297280	12336765	ILLUMINA	SINGLE
ERR1380354	51	B-ALL_B_cell_04	SAMEA3942161	ERP015311	19238373	7380829	ILLUMINA	SINGLE
ERR1380355	51	B-ALL_B_cell_05	SAMEA3942162	ERP015311	26971605	10331800	ILLUMINA	SINGLE
ERR1380356	51	B-ALL_B_cell_06	SAMEA3942163	ERP015311	26255565	10091345	ILLUMINA	SINGLE
ERR1380357	51	B-ALL_B_cell_07	SAMEA3942164	ERP015311	28478094	10958985	ILLUMINA	SINGLE
ERR1380358	51	B-ALL_B_cell_08	SAMEA3942165	ERP015311	26765616	10240160	ILLUMINA	SINGLE
ERR1380359	51	B-ALL_B_cell_09	SAMEA3942166	ERP015311	34617882	13362754	ILLUMINA	SINGLE
ERR1380360	51	B-ALL_B_cell_10	SAMEA3942167	ERP015311	36289305	13946696	ILLUMINA	SINGLE
ERR1380361	51	B-ALL_B_cell_11	SAMEA3942168	ERP015311	25450122	9796114	ILLUMINA	SINGLE
ERR1380362	51	B-ALL_B_cell_12	SAMEA3942169	ERP015311	29756613	11387869	ILLUMINA	SINGLE
ERR1380363	51	B-ALL_B_cell_13	SAMEA3942170	ERP015311	28659858	11025575	ILLUMINA	SINGLE
ERR1380364	51	B-ALL_B_cell_14	SAMEA3942171	ERP015311	40014906	15405130	ILLUMINA	SINGLE
ERR1380365	51	B-ALL_B_cell_15	SAMEA3942172	ERP015311	32712930	12550638	ILLUMINA	SINGLE
ERR1380366	51	B-ALL_B_cell_16	SAMEA3942173	ERP015311	22595397	8672050	ILLUMINA	SINGLE
ERR1380367	51	B-ALL_B_cell_17	SAMEA3942174	ERP015311	27526434	10616272	ILLUMINA	SINGLE
ERR1380368	51	B-ALL_B_cell_18	SAMEA3942175	ERP015311	28492731	10986532	ILLUMINA	SINGLE
ERR1380369	51	B-ALL_B_cell_19	SAMEA3942176	ERP015311	27311418	10511428	ILLUMINA	SINGLE
ERR1380370	51	B-ALL_B_cell_20	SAMEA3942177	ERP015311	29138238	11150320	ILLUMINA	SINGLE
ERR1380371	51	B-ALL_B_cell_21	SAMEA3942178	ERP015311	52505010	20056450	ILLUMINA	SINGLE
ERR1380372	51	B-ALL_B_cell_22	SAMEA3942179	ERP015311	36336735	13948109	ILLUMINA	SINGLE
ERR1380373	51	B-ALL_B_cell_23	SAMEA3942180	ERP015311	41788788	16058609	ILLUMINA	SINGLE
ERR1380374	51	B-ALL_B_cell_24	SAMEA3942181	ERP015311	23369934	8960265	ILLUMINA	SINGLE
ERR1380375	51	B-ALL_B_cell_25	SAMEA3942182	ERP015311	33925404	12985548	ILLUMINA	SINGLE
ERR1380376	51	B-ALL_B_cell_26	SAMEA3942183	ERP015311	16807152	6484376	ILLUMINA	SINGLE
ERR1380377	51	B-ALL_B_cell_27	SAMEA3942184	ERP015311	32074257	12343556	ILLUMINA	SINGLE
ERR1380378	51	B-ALL_B_cell_28	SAMEA3942185	ERP015311	485112	259077	ILLUMINA	SINGLE
ERR1380379	51	B-ALL_B_cell_29	SAMEA3942186	ERP015311	27492723	10609195	ILLUMINA	SINGLE
ERR1380380	51	B-ALL_B_cell_30	SAMEA3942187	ERP015311	26547387	10173546	ILLUMINA	SINGLE
ERR1380381	51	B-ALL_B_cell_31	SAMEA3942188	ERP015311	558399	287052	ILLUMINA	SINGLE
ERR1380382	51	B-ALL_B_cell_32	SAMEA3942189	ERP015311	29563935	11395232	ILLUMINA	SINGLE
ERR1380383	51	B-ALL_B_cell_33	SAMEA3942190	ERP015311	26928918	10321055	ILLUMINA	SINGLE
ERR1380384	51	B-ALL_B_cell_34	SAMEA3942191	ERP015311	26807334	10325387	ILLUMINA	SINGLE
ERR1380385	51	B-ALL_B_cell_35	SAMEA3942192	ERP015311	29221674	11262632	ILLUMINA	SINGLE
ERR1380386	51	B-ALL_B_cell_36	SAMEA3942193	ERP015311	30692106	11824490	ILLUMINA	SINGLE
ERR1380387	51	B-ALL_B_cell_37	SAMEA3942194	ERP015311	36560931	14086512	ILLUMINA	SINGLE
ERR1380388	51	B-ALL_B_cell_38	SAMEA3942195	ERP015311	34625736	13307239	ILLUMINA	SINGLE
ERR1380389	51	B-ALL_B_cell_39	SAMEA3942196	ERP015311	25405803	9781998	ILLUMINA	SINGLE
ERR1380390	51	B-ALL_B_cell_40	SAMEA3942197	ERP015311	34927044	13359330	ILLUMINA	SINGLE
ERR1380391	51	B-ALL_B_cell_41	SAMEA3942198	ERP015311	23123196	8856226	ILLUMINA	SINGLE
ERR1380392	51	B-ALL_B_cell_42	SAMEA3942199	ERP015311	31523916	12063631	ILLUMINA	SINGLE
ERR1380393	51	B-ALL_B_cell_43	SAMEA3942200	ERP015311	29556285	11313667	ILLUMINA	SINGLE
ERR1380394	51	B-ALL_B_cell_44	SAMEA3942201	ERP015311	33599616	12851952	ILLUMINA	SINGLE
ERR1380395	51	B-ALL_B_cell_45	SAMEA3942202	ERP015311	27421323	10508120	ILLUMINA	SINGLE
ERR1380396	51	B-ALL_B_cell_46	SAMEA3942203	ERP015311	36957813	14107521	ILLUMINA	SINGLE
ERR1380397	51	B-ALL_B_cell_47	SAMEA3942204	ERP015311	33816060	13018244	ILLUMINA	SINGLE
ERR1380398	51	B-ALL_B_cell_48	SAMEA3942205	ERP015311	26710944	10310299	ILLUMINA	SINGLE
ERR1380399	51	B-ALL_B_cell_49	SAMEA3942206	ERP015311	31582770	12141502	ILLUMINA	SINGLE
ERR1380400	51	B-ALL_B_cell_50	SAMEA3942207	ERP015311	32282541	12391442	ILLUMINA	SINGLE
ERR1380401	51	B-ALL_B_cell_51	SAMEA3942208	ERP015311	31616073	12105345	ILLUMINA	SINGLE
ERR1380402	51	B-ALL_B_cell_52	SAMEA3942209	ERP015311	31023300	11891228	ILLUMINA	SINGLE
ERR1380403	51	B-ALL_B_cell_53	SAMEA3942210	ERP015311	555645	286026	ILLUMINA	SINGLE
ERR1380404	51	B-ALL_B_cell_54	SAMEA3942211	ERP015311	21471408	8253785	ILLUMINA	SINGLE
ERR1380405	51	B-ALL_B_cell_55	SAMEA3942212	ERP015311	29403489	11275668	ILLUMINA	SINGLE
ERR1380406	51	B-ALL_B_cell_56	SAMEA3942213	ERP015311	26361084	10155272	ILLUMINA	SINGLE
ERR1380407	51	B-ALL_B_cell_57	SAMEA3942214	ERP015311	28035720	10727392	ILLUMINA	SINGLE
ERR1380408	51	B-ALL_B_cell_58	SAMEA3942215	ERP015311	33435243	12786111	ILLUMINA	SINGLE
ERR1380409	51	B-ALL_B_cell_59	SAMEA3942216	ERP015311	42640488	16340536	ILLUMINA	SINGLE
ERR1380410	51	B-ALL_B_cell_60	SAMEA3942217	ERP015311	31550997	12082850	ILLUMINA	SINGLE
ERR1380411	51	B-ALL_B_cell_61	SAMEA3942218	ERP015311	26289888	10081972	ILLUMINA	SINGLE
ERR1380412	51	B-ALL_B_cell_62	SAMEA3942219	ERP015311	35690412	13659378	ILLUMINA	SINGLE
ERR1380413	51	B-ALL_B_cell_63	SAMEA3942220	ERP015311	31660851	12179297	ILLUMINA	SINGLE
ERR1380414	51	B-ALL_B_cell_64	SAMEA3942221	ERP015311	33262914	12792159	ILLUMINA	SINGLE
ERR1380415	51	B-ALL_B_cell_65	SAMEA3942222	ERP015311	19574769	7521481	ILLUMINA	SINGLE
ERR1380416	51	B-ALL_B_cell_66	SAMEA3942223	ERP015311	31674009	12131690	ILLUMINA	SINGLE
ERR1380417	51	B-ALL_B_cell_67	SAMEA3942224	ERP015311	27493743	10563040	ILLUMINA	SINGLE
ERR1380418	51	B-ALL_B_cell_68	SAMEA3942225	ERP015311	32468691	12420254	ILLUMINA	SINGLE
ERR1380419	51	B-ALL_B_cell_69	SAMEA3942226	ERP015311	34064634	13053563	ILLUMINA	SINGLE
ERR1380420	51	B-ALL_B_cell_70	SAMEA3942227	ERP015311	32893776	12606767	ILLUMINA	SINGLE
ERR1380421	51	B-ALL_B_cell_71	SAMEA3942228	ERP015311	35336778	13536793	ILLUMINA	SINGLE
ERR1380422	51	B-ALL_B_cell_72	SAMEA3942229	ERP015311	28366914	10867867	ILLUMINA	SINGLE
ERR1380423	51	B-ALL_B_cell_73	SAMEA3942230	ERP015311	31049412	11886886	ILLUMINA	SINGLE
ERR1380424	51	B-ALL_B_cell_74	SAMEA3942231	ERP015311	26808813	10246766	ILLUMINA	SINGLE
ERR1380425	51	B-ALL_B_cell_75	SAMEA3942232	ERP015311	28160568	10773444	ILLUMINA	SINGLE
ERR1380426	51	B-ALL_B_cell_76	SAMEA3942233	ERP015311	34756194	13296758	ILLUMINA	SINGLE
ERR1380427	51	B-ALL_B_cell_77	SAMEA3942234	ERP015311	25170897	9701408	ILLUMINA	SINGLE
ERR1380428	51	B-ALL_B_cell_78	SAMEA3942235	ERP015311	31295844	12040103	ILLUMINA	SINGLE
ERR1380429	51	B-ALL_B_cell_79	SAMEA3942236	ERP015311	17334339	6701264	ILLUMINA	SINGLE
ERR1380430	51	B-ALL_B_cell_80	SAMEA3942237	ERP015311	29250132	11218529	ILLUMINA	SINGLE
ERR1380431	51	B-ALL_B_cell_81	SAMEA3942238	ERP015311	9001398	3512021	ILLUMINA	SINGLE
ERR1380432	51	B-ALL_B_cell_82	SAMEA3942239	ERP015311	41041179	15718749	ILLUMINA	SINGLE
ERR1380433	51	B-ALL_B_cell_83	SAMEA3942240	ERP015311	25749849	9878777	ILLUMINA	SINGLE
ERR1380434	51	B-ALL_B_cell_84	SAMEA3942241	ERP015311	30207555	11577368	ILLUMINA	SINGLE
ERR1380435	51	B-ALL_B_cell_85	SAMEA3942242	ERP015311	30437004	11669837	ILLUMINA	SINGLE
ERR1380436	51	B-ALL_B_cell_86	SAMEA3942243	ERP015311	33093390	12679084	ILLUMINA	SINGLE
ERR1380437	51	B-ALL_B_cell_87	SAMEA3942244	ERP015311	35464635	13552959	ILLUMINA	SINGLE
ERR1380438	51	B-ALL_B_cell_88	SAMEA3942245	ERP015311	30196794	11543956	ILLUMINA	SINGLE
ERR1380439	51	B-ALL_B_cell_89	SAMEA3942246	ERP015311	13709973	5299680	ILLUMINA	SINGLE
ERR1380440	51	B-ALL_B_cell_90	SAMEA3942247	ERP015311	30506109	11687274	ILLUMINA	SINGLE
ERR1380441	51	B-ALL_B_cell_91	SAMEA3942248	ERP015311	30892740	11818316	ILLUMINA	SINGLE
ERR1380442	51	B-ALL_B_cell_92	SAMEA3942249	ERP015311	27272148	10453903	ILLUMINA	SINGLE
ERR1380443	51	B-ALL_B-1_0-cell_control	SAMEA3942250	ERP015311	947070	412735	ILLUMINA	SINGLE
ERR1380444	51	B-ALL_B-1_10-cell_control	SAMEA3942251	ERP015311	53330547	20420086	ILLUMINA	SINGLE
ERR1380445	51	B-ALL_B-1_cell_01	SAMEA3942252	ERP015311	34208862	13126735	ILLUMINA	SINGLE
ERR1380446	51	B-ALL_B-1_cell_02	SAMEA3942253	ERP015311	34416687	13221168	ILLUMINA	SINGLE
ERR1380447	51	B-ALL_B-1_cell_03	SAMEA3942254	ERP015311	34171377	13136068	ILLUMINA	SINGLE
ERR1380448	51	B-ALL_B-1_cell_04	SAMEA3942255	ERP015311	29449338	11327545	ILLUMINA	SINGLE
ERR1380449	51	B-ALL_B-1_cell_05	SAMEA3942256	ERP015311	28814388	11100731	ILLUMINA	SINGLE
ERR1380450	51	B-ALL_B-1_cell_06	SAMEA3942257	ERP015311	31824357	12334563	ILLUMINA	SINGLE
ERR1380451	51	B-ALL_B-1_cell_07	SAMEA3942258	ERP015311	37096686	14270639	ILLUMINA	SINGLE
ERR1380452	51	B-ALL_B-1_cell_08	SAMEA3942259	ERP015311	29089839	11186731	ILLUMINA	SINGLE
ERR1380453	51	B-ALL_B-1_cell_09	SAMEA3942260	ERP015311	28710756	11083062	ILLUMINA	SINGLE
ERR1380454	51	B-ALL_B-1_cell_10	SAMEA3942261	ERP015311	13112712	5075048	ILLUMINA	SINGLE
ERR1380455	51	B-ALL_B-1_cell_11	SAMEA3942262	ERP015311	27642459	10682464	ILLUMINA	SINGLE
ERR1380456	51	B-ALL_B-1_cell_12	SAMEA3942263	ERP015311	29805063	11442545	ILLUMINA	SINGLE
ERR1380457	51	B-ALL_B-1_cell_13	SAMEA3942264	ERP015311	34482375	13244044	ILLUMINA	SINGLE
ERR1380458	51	B-ALL_B-1_cell_14	SAMEA3942265	ERP015311	35015070	13443642	ILLUMINA	SINGLE
ERR1380459	51	B-ALL_B-1_cell_15	SAMEA3942266	ERP015311	37396770	14343366	ILLUMINA	SINGLE
ERR1380460	51	B-ALL_B-1_cell_16	SAMEA3942267	ERP015311	35506965	13641011	ILLUMINA	SINGLE
ERR1380461	51	B-ALL_B-1_cell_17	SAMEA3942268	ERP015311	30704499	11794548	ILLUMINA	SINGLE
ERR1380462	51	B-ALL_B-1_cell_18	SAMEA3942269	ERP015311	29288535	11269940	ILLUMINA	SINGLE
ERR1380463	51	B-ALL_B-1_cell_19	SAMEA3942270	ERP015311	28715397	11018500	ILLUMINA	SINGLE
ERR1380464	51	B-ALL_B-1_cell_20	SAMEA3942271	ERP015311	32245311	12398201	ILLUMINA	SINGLE
ERR1380465	51	B-ALL_B-1_cell_21	SAMEA3942272	ERP015311	31321191	12025443	ILLUMINA	SINGLE
ERR1380466	51	B-ALL_B-1_cell_22	SAMEA3942273	ERP015311	35396040	13647290	ILLUMINA	SINGLE
ERR1380467	51	B-ALL_B-1_cell_23	SAMEA3942274	ERP015311	30993312	11910343	ILLUMINA	SINGLE
ERR1380468	51	B-ALL_B-1_cell_24	SAMEA3942275	ERP015311	27785565	10689310	ILLUMINA	SINGLE
ERR1380469	51	B-ALL_B-1_cell_25	SAMEA3942276	ERP015311	34204527	13150740	ILLUMINA	SINGLE
ERR1380470	51	B-ALL_B-1_cell_26	SAMEA3942277	ERP015311	27355533	10534056	ILLUMINA	SINGLE
ERR1380471	51	B-ALL_B-1_cell_27	SAMEA3942278	ERP015311	31297527	12006408	ILLUMINA	SINGLE
ERR1380472	51	B-ALL_B-1_cell_28	SAMEA3942279	ERP015311	20757765	8022032	ILLUMINA	SINGLE
ERR1380473	51	B-ALL_B-1_cell_29	SAMEA3942280	ERP015311	31143507	12044502	ILLUMINA	SINGLE
ERR1380474	51	B-ALL_B-1_cell_30	SAMEA3942281	ERP015311	35667513	13680782	ILLUMINA	SINGLE
ERR1380475	51	B-ALL_B-1_cell_31	SAMEA3942282	ERP015311	32480115	12513552	ILLUMINA	SINGLE
ERR1380476	51	B-ALL_B-1_cell_32	SAMEA3942283	ERP015311	36036345	13879597	ILLUMINA	SINGLE
ERR1380477	51	B-ALL_B-1_cell_33	SAMEA3942284	ERP015311	22019658	8523873	ILLUMINA	SINGLE
ERR1380478	51	B-ALL_B-1_cell_34	SAMEA3942285	ERP015311	33224256	12765822	ILLUMINA	SINGLE
ERR1380479	51	B-ALL_B-1_cell_35	SAMEA3942286	ERP015311	39647502	15269126	ILLUMINA	SINGLE
ERR1380480	51	B-ALL_B-1_cell_36	SAMEA3942287	ERP015311	27460287	10572217	ILLUMINA	SINGLE
ERR1380481	51	B-ALL_B-1_cell_37	SAMEA3942288	ERP015311	34775217	13366357	ILLUMINA	SINGLE
ERR1380482	51	B-ALL_B-1_cell_38	SAMEA3942289	ERP015311	27032601	10406249	ILLUMINA	SINGLE
ERR1380483	51	B-ALL_B-1_cell_39	SAMEA3942290	ERP015311	25816251	9941619	ILLUMINA	SINGLE
ERR1380484	51	B-ALL_B-1_cell_40	SAMEA3942291	ERP015311	38094348	14674616	ILLUMINA	SINGLE
ERR1380485	51	B-ALL_B-1_cell_41	SAMEA3942292	ERP015311	34743699	13356575	ILLUMINA	SINGLE
ERR1380486	51	B-ALL_B-1_cell_42	SAMEA3942293	ERP015311	723894	326021	ILLUMINA	SINGLE
ERR1380487	51	B-ALL_B-1_cell_43	SAMEA3942294	ERP015311	28908738	11117404	ILLUMINA	SINGLE
ERR1380488	51	B-ALL_B-1_cell_44	SAMEA3942295	ERP015311	33141789	12787523	ILLUMINA	SINGLE
ERR1380489	51	B-ALL_B-1_cell_45	SAMEA3942296	ERP015311	34271337	13199419	ILLUMINA	SINGLE
ERR1380490	51	B-ALL_B-1_cell_46	SAMEA3942297	ERP015311	36863616	14132127	ILLUMINA	SINGLE
ERR1380491	51	B-ALL_B-2_0-cell_control	SAMEA3942298	ERP015311	869601	380741	ILLUMINA	SINGLE
ERR1380492	51	B-ALL_B-2_10-cell_control	SAMEA3942299	ERP015311	74798691	28684725	ILLUMINA	SINGLE
ERR1380493	51	B-ALL_B-2_cell_01	SAMEA3942300	ERP015311	18184917	7051336	ILLUMINA	SINGLE
ERR1380494	51	B-ALL_B-2_cell_02	SAMEA3942301	ERP015311	14429889	5645054	ILLUMINA	SINGLE
ERR1380495	51	B-ALL_B-2_cell_03	SAMEA3942302	ERP015311	17399721	6764828	ILLUMINA	SINGLE
ERR1380496	51	B-ALL_B-2_cell_04	SAMEA3942303	ERP015311	15671688	6109938	ILLUMINA	SINGLE
ERR1380497	51	B-ALL_B-2_cell_05	SAMEA3942304	ERP015311	19626789	7601540	ILLUMINA	SINGLE
ERR1380498	51	B-ALL_B-2_cell_06	SAMEA3942305	ERP015311	15073713	5879923	ILLUMINA	SINGLE
ERR1380499	51	B-ALL_B-2_cell_07	SAMEA3942306	ERP015311	17624376	6845061	ILLUMINA	SINGLE
ERR1380500	51	B-ALL_B-2_cell_08	SAMEA3942307	ERP015311	16771503	6519858	ILLUMINA	SINGLE
ERR1380501	51	B-ALL_B-2_cell_09	SAMEA3942308	ERP015311	18561654	7188206	ILLUMINA	SINGLE
ERR1380502	51	B-ALL_B-2_cell_10	SAMEA3942309	ERP015311	14448198	5606004	ILLUMINA	SINGLE
ERR1380503	51	B-ALL_B-2_cell_11	SAMEA3942310	ERP015311	17155992	6665130	ILLUMINA	SINGLE
ERR1380504	51	B-ALL_B-2_cell_12	SAMEA3942311	ERP015311	46238283	17717039	ILLUMINA	SINGLE
ERR1380505	51	B-ALL_B-2_cell_13	SAMEA3942312	ERP015311	12939873	5046716	ILLUMINA	SINGLE
ERR1380506	51	B-ALL_B-2_cell_14	SAMEA3942313	ERP015311	47567241	18229219	ILLUMINA	SINGLE
ERR1380507	51	B-ALL_B-2_cell_15	SAMEA3942314	ERP015311	40670868	15852283	ILLUMINA	SINGLE
ERR1380508	51	B-ALL_B-2_cell_16	SAMEA3942315	ERP015311	14145411	5528544	ILLUMINA	SINGLE
ERR1380509	51	B-ALL_B-2_cell_17	SAMEA3942316	ERP015311	57200325	21927937	ILLUMINA	SINGLE
ERR1380510	51	B-ALL_B-2_cell_18	SAMEA3942317	ERP015311	33585999	12950430	ILLUMINA	SINGLE
ERR1380511	51	B-ALL_B-2_cell_19	SAMEA3942318	ERP015311	19909686	7708695	ILLUMINA	SINGLE
ERR1380512	51	B-ALL_B-2_cell_20	SAMEA3942319	ERP015311	18128409	7022322	ILLUMINA	SINGLE
ERR1380513	51	B-ALL_B-2_cell_21	SAMEA3942320	ERP015311	48014511	18470035	ILLUMINA	SINGLE
ERR1380514	51	B-ALL_B-2_cell_22	SAMEA3942321	ERP015311	37996785	14609816	ILLUMINA	SINGLE
ERR1380515	51	B-ALL_B-2_cell_23	SAMEA3942322	ERP015311	14225328	5546677	ILLUMINA	SINGLE
ERR1380516	51	B-ALL_B-2_cell_24	SAMEA3942323	ERP015311	37445883	14502234	ILLUMINA	SINGLE
ERR1380517	51	B-ALL_B-2_cell_25	SAMEA3942324	ERP015311	39178965	15070702	ILLUMINA	SINGLE
ERR1380518	51	B-ALL_B-2_cell_26	SAMEA3942325	ERP015311	37307418	14312531	ILLUMINA	SINGLE
ERR1380519	51	B-ALL_B-2_cell_27	SAMEA3942326	ERP015311	41830557	16059280	ILLUMINA	SINGLE
ERR1380520	51	B-ALL_B-2_cell_28	SAMEA3942327	ERP015311	37267434	14295416	ILLUMINA	SINGLE
ERR1380521	51	B-ALL_B-2_cell_29	SAMEA3942328	ERP015311	45767859	17695631	ILLUMINA	SINGLE
ERR1380522	51	B-ALL_B-2_cell_30	SAMEA3942329	ERP015311	13741287	5366809	ILLUMINA	SINGLE
ERR1380523	51	B-ALL_B-2_cell_31	SAMEA3942330	ERP015311	10041849	3921710	ILLUMINA	SINGLE
ERR1380524	51	B-ALL_B-2_cell_32	SAMEA3942331	ERP015311	16744473	6496337	ILLUMINA	SINGLE
ERR1380525	51	B-ALL_B-2_cell_33	SAMEA3942332	ERP015311	17263959	6698032	ILLUMINA	SINGLE
ERR1380526	51	B-ALL_B-2_cell_34	SAMEA3942333	ERP015311	48585966	18653860	ILLUMINA	SINGLE
ERR1380527	51	B-ALL_B-2_cell_35	SAMEA3942334	ERP015311	20910918	8133581	ILLUMINA	SINGLE
ERR1380528	51	B-ALL_B-2_cell_36	SAMEA3942335	ERP015311	39864252	15332342	ILLUMINA	SINGLE
ERR1380529	51	B-ALL_B-2_cell_37	SAMEA3942336	ERP015311	39354150	15079897	ILLUMINA	SINGLE
ERR1380530	51	B-ALL_B-2_cell_38	SAMEA3942337	ERP015311	39900411	15341464	ILLUMINA	SINGLE
ERR1380531	51	B-ALL_B-2_cell_39	SAMEA3942338	ERP015311	43718067	16770573	ILLUMINA	SINGLE
ERR1380532	51	B-ALL_B-2_cell_40	SAMEA3942339	ERP015311	43673544	16776566	ILLUMINA	SINGLE
ERR1380533	51	B-ALL_B-2_cell_41	SAMEA3942340	ERP015311	44629539	17114171	ILLUMINA	SINGLE
ERR1380534	51	B-ALL_B-2_cell_42	SAMEA3942341	ERP015311	38914377	14913860	ILLUMINA	SINGLE
ERR1380535	51	B-ALL_B-2_cell_43	SAMEA3942342	ERP015311	32209917	12384442	ILLUMINA	SINGLE
ERR1380536	51	B-ALL_B-2_cell_44	SAMEA3942343	ERP015311	42239730	16248691	ILLUMINA	SINGLE
ERR1380537	51	B-ALL_B-2_cell_45	SAMEA3942344	ERP015311	15429897	5990400	ILLUMINA	SINGLE
ERR1380538	51	B-ALL_B-2_cell_46	SAMEA3942345	ERP015311	9232581	3645533	ILLUMINA	SINGLE
ERR1380539	51	B-ALL_C_0-cell_control	SAMEA3942346	ERP015311	556257	312319	ILLUMINA	SINGLE
ERR1380540	51	B-ALL_C_10-cell_control	SAMEA3942347	ERP015311	86011500	34676513	ILLUMINA	SINGLE
ERR1380541	51	B-ALL_C_cell_01	SAMEA3942348	ERP015311	58707681	23720714	ILLUMINA	SINGLE
ERR1380542	51	B-ALL_C_cell_02	SAMEA3942349	ERP015311	46102062	18676158	ILLUMINA	SINGLE
ERR1380543	51	B-ALL_C_cell_03	SAMEA3942350	ERP015311	55798539	22539270	ILLUMINA	SINGLE
ERR1380544	51	B-ALL_C_cell_04	SAMEA3942351	ERP015311	65626341	26469254	ILLUMINA	SINGLE
ERR1380545	51	B-ALL_C_cell_05	SAMEA3942352	ERP015311	56848833	22940343	ILLUMINA	SINGLE
ERR1380546	51	B-ALL_C_cell_06	SAMEA3942353	ERP015311	59569581	24052421	ILLUMINA	SINGLE
ERR1380547	51	B-ALL_C_cell_07	SAMEA3942354	ERP015311	54662769	22045504	ILLUMINA	SINGLE
ERR1380548	51	B-ALL_C_cell_08	SAMEA3942355	ERP015311	62461026	25259719	ILLUMINA	SINGLE
ERR1380549	51	B-ALL_C_cell_09	SAMEA3942356	ERP015311	62882592	25377111	ILLUMINA	SINGLE
ERR1380550	51	B-ALL_C_cell_10	SAMEA3942357	ERP015311	35006145	14192808	ILLUMINA	SINGLE
ERR1380551	51	B-ALL_C_cell_11	SAMEA3942358	ERP015311	50988984	20617917	ILLUMINA	SINGLE
ERR1380552	51	B-ALL_C_cell_12	SAMEA3942359	ERP015311	51092514	20679695	ILLUMINA	SINGLE
ERR1380553	51	B-ALL_C_cell_13	SAMEA3942360	ERP015311	51209763	20685722	ILLUMINA	SINGLE
ERR1380554	51	B-ALL_C_cell_14	SAMEA3942361	ERP015311	61530021	24885241	ILLUMINA	SINGLE
ERR1380555	51	B-ALL_C_cell_15	SAMEA3942362	ERP015311	61178835	24686231	ILLUMINA	SINGLE
ERR1380556	51	B-ALL_C_cell_16	SAMEA3942363	ERP015311	53935356	21782632	ILLUMINA	SINGLE
ERR1380557	51	B-ALL_C_cell_17	SAMEA3942364	ERP015311	57944619	23402400	ILLUMINA	SINGLE
ERR1380558	51	B-ALL_C_cell_18	SAMEA3942365	ERP015311	54115029	21911047	ILLUMINA	SINGLE
ERR1380559	51	B-ALL_C_cell_19	SAMEA3942366	ERP015311	48137268	19480861	ILLUMINA	SINGLE
ERR1380560	51	B-ALL_C_cell_20	SAMEA3942367	ERP015311	57301764	23130567	ILLUMINA	SINGLE
ERR1380561	51	B-ALL_C_cell_21	SAMEA3942368	ERP015311	63767850	25757377	ILLUMINA	SINGLE
ERR1380562	51	B-ALL_C_cell_22	SAMEA3942369	ERP015311	53083605	21483758	ILLUMINA	SINGLE
ERR1380563	51	B-ALL_C_cell_23	SAMEA3942370	ERP015311	38698086	15648551	ILLUMINA	SINGLE
ERR1380564	51	B-ALL_C_cell_24	SAMEA3942371	ERP015311	57334710	23194696	ILLUMINA	SINGLE
ERR1380565	51	B-ALL_C_cell_25	SAMEA3942372	ERP015311	52346502	21141558	ILLUMINA	SINGLE
ERR1380566	51	B-ALL_C_cell_26	SAMEA3942373	ERP015311	53887212	21788055	ILLUMINA	SINGLE
ERR1380567	51	B-ALL_C_cell_27	SAMEA3942374	ERP015311	54105441	21866602	ILLUMINA	SINGLE
ERR1380568	51	B-ALL_C_cell_28	SAMEA3942375	ERP015311	56818182	22967051	ILLUMINA	SINGLE
ERR1380569	51	B-ALL_C_cell_29	SAMEA3942376	ERP015311	59562135	24086252	ILLUMINA	SINGLE
ERR1380570	51	B-ALL_C_cell_30	SAMEA3942377	ERP015311	61174296	24752015	ILLUMINA	SINGLE
ERR1380571	51	B-ALL_C_cell_31	SAMEA3942378	ERP015311	40505220	16379634	ILLUMINA	SINGLE
ERR1380572	51	B-ALL_C_cell_32	SAMEA3942379	ERP015311	48309750	19541178	ILLUMINA	SINGLE
ERR1380573	51	B-ALL_C_cell_33	SAMEA3942380	ERP015311	33993030	13794720	ILLUMINA	SINGLE
ERR1380574	51	B-ALL_C_cell_34	SAMEA3942381	ERP015311	52834623	21348786	ILLUMINA	SINGLE
ERR1380575	51	B-ALL_C_cell_35	SAMEA3942382	ERP015311	39310953	15948157	ILLUMINA	SINGLE
ERR1380576	51	B-ALL_C_cell_36	SAMEA3942383	ERP015311	59497161	24085408	ILLUMINA	SINGLE
ERR1380577	51	B-ALL_C_cell_37	SAMEA3942384	ERP015311	65901792	26647027	ILLUMINA	SINGLE
ERR1380578	51	B-ALL_C_cell_38	SAMEA3942385	ERP015311	56462763	22847517	ILLUMINA	SINGLE
ERR1380579	51	B-ALL_C_cell_39	SAMEA3942386	ERP015311	61083006	24679041	ILLUMINA	SINGLE
ERR1380580	51	B-ALL_C_cell_40	SAMEA3942387	ERP015311	45790860	18542903	ILLUMINA	SINGLE
ERR1380581	51	B-ALL_C_cell_41	SAMEA3942388	ERP015311	53948106	21813568	ILLUMINA	SINGLE
ERR1380582	51	B-ALL_C_cell_42	SAMEA3942389	ERP015311	58960488	23797107	ILLUMINA	SINGLE
ERR1380583	51	B-ALL_C_cell_43	SAMEA3942390	ERP015311	58324467	23560384	ILLUMINA	SINGLE
ERR1380584	51	B-ALL_C_cell_44	SAMEA3942391	ERP015311	51341904	20762922	ILLUMINA	SINGLE
ERR1380585	51	B-ALL_C_cell_45	SAMEA3942392	ERP015311	58537902	23644588	ILLUMINA	SINGLE
ERR1380586	51	B-ALL_C_cell_46	SAMEA3942393	ERP015311	51365721	20784271	ILLUMINA	SINGLE
