Run,Assay Type,AvgSpotLen,Bases,BioSample,Bytes,Center Name,Consent,DATASTORE filetype,DATASTORE provider,DATASTORE region,Experiment,Instrument,Library Name,LibraryLayout,LibrarySelection,LibrarySource,Organism,Platform,ReleaseDate,Sample Name,SRA Study,create_date,version,read_mask (run),quality_book_char (run),RUN_SEQUENCE_LENGTH (run)
SRR052047,WGS,48,330624624,SAMN00014736,247160629,COLD SPRING HARBOR LABORATORY,public,"run.zq,sra,fastq","s3,gs,ncbi","s3.us-east-1,ncbi.public,gs.us-east1",SRX021401,Illumina Genome Analyzer,SC.WGA.LIB,SINGLE,RANDOM,GENOMIC,Homo sapiens,ILLUMINA,2011-01-10T00:00:00Z,T10,SRP002535,2014-05-27T03:00:00Z,2,10,,
SRR052148,WGS,48,542682432,SAMN00014736,385138922,COLD SPRING HARBOR LABORATORY,public,"run.zq,sra,fastq","s3,ncbi,gs","gs.us-east1,ncbi.public,s3.us-east-1",SRX021401,Illumina Genome Analyzer,SC.WGA.LIB,SINGLE,RANDOM,GENOMIC,Homo sapiens,ILLUMINA,2011-01-10T00:00:00Z,T10,SRP002535,2014-05-27T03:01:00Z,2,10,@,
SRR053437,WGS,48,404198208,SAMN00014736,253236686,COLD SPRING HARBOR LABORATORY,public,"run.zq,sra,fastq","gs,ncbi,s3","s3.us-east-1,gs.us-east1,ncbi.public",SRX021401,Illumina Genome Analyzer,SC.WGA.LIB,SINGLE,RANDOM,GENOMIC,Homo sapiens,ILLUMINA,2011-01-10T00:00:00Z,T10,SRP002535,2014-05-27T03:16:00Z,2,10,,
SRR053600,WGS,48,381967440,SAMN00014736,237186339,COLD SPRING HARBOR LABORATORY,public,run.zq,"ncbi,s3,gs","gs.us-east1,ncbi.public,s3.us-east-1",SRX021401,Illumina Genome Analyzer,SC.WGA.LIB,SINGLE,RANDOM,GENOMIC,Homo sapiens,ILLUMINA,2011-01-10T00:00:00Z,T10,SRP002535,,,10,,
SRR053602,WGS,48,426226272,SAMN00014736,268373893,COLD SPRING HARBOR LABORATORY,public,"fastq,sra,run.zq","s3,ncbi,gs","ncbi.public,s3.us-east-1,gs.us-east1",SRX021401,Illumina Genome Analyzer,SC.WGA.LIB,SINGLE,RANDOM,GENOMIC,Homo sapiens,ILLUMINA,2011-01-10T00:00:00Z,T10,SRP002535,2014-05-27T03:16:00Z,2,10,,
SRR053604,WGS,48,580071264,SAMN00014736,345815074,COLD SPRING HARBOR LABORATORY,public,"run.zq,sra,fastq","gs,s3,ncbi","ncbi.public,gs.us-east1,s3.us-east-1",SRX021401,Illumina Genome Analyzer,SC.WGA.LIB,SINGLE,RANDOM,GENOMIC,Homo sapiens,ILLUMINA,2011-01-10T00:00:00Z,T10,SRP002535,2014-05-27T03:16:00Z,3,10,@,48
SRR053605,WGS,48,423184560,SAMN00014736,250631554,COLD SPRING HARBOR LABORATORY,public,"sra,run.zq","s3,gs,ncbi","gs.us-east1,ncbi.public,s3.us-east-1",SRX021401,Illumina Genome Analyzer,SC.WGA.LIB,SINGLE,RANDOM,GENOMIC,Homo sapiens,ILLUMINA,2011-01-10T00:00:00Z,T10,SRP002535,2014-05-27T03:16:00Z,2,10,,
SRR053606,WGS,48,238519536,SAMN00014736,159023744,COLD SPRING HARBOR LABORATORY,public,"sra,run.zq,fastq","gs,ncbi,s3","s3.us-east-1,gs.us-east1,ncbi.public",SRX021401,Illumina Genome Analyzer,SC.WGA.LIB,SINGLE,RANDOM,GENOMIC,Homo sapiens,ILLUMINA,2011-01-10T00:00:00Z,T10,SRP002535,2014-05-27T03:15:00Z,2,10,@,
SRR053607,WGS,48,300892944,SAMN00014736,204107803,COLD SPRING HARBOR LABORATORY,public,"run.zq,sra","ncbi,gs,s3","gs.us-east1,s3.us-east-1,ncbi.public",SRX021401,Illumina Genome Analyzer,SC.WGA.LIB,SINGLE,RANDOM,GENOMIC,Homo sapiens,ILLUMINA,2011-01-10T00:00:00Z,T10,SRP002535,2014-05-27T03:15:00Z,2,10,,
SRR053608,WGS,48,350753184,SAMN00014736,242362976,COLD SPRING HARBOR LABORATORY,public,"sra,run.zq","gs,ncbi,s3","gs.us-east1,ncbi.public,s3.us-east-1",SRX021401,Illumina Genome Analyzer,SC.WGA.LIB,SINGLE,RANDOM,GENOMIC,Homo sapiens,ILLUMINA,2011-01-10T00:00:00Z,T10,SRP002535,2014-05-27T03:16:00Z,2,10,@,
SRR053609,WGS,48,417022176,SAMN00014736,267759201,COLD SPRING HARBOR LABORATORY,public,"run.zq,sra,fastq","ncbi,gs,s3","gs.us-east1,s3.us-east-1,ncbi.public",SRX021401,Illumina Genome Analyzer,SC.WGA.LIB,SINGLE,RANDOM,GENOMIC,Homo sapiens,ILLUMINA,2011-01-10T00:00:00Z,T10,SRP002535,2014-05-27T03:16:00Z,3,10,,48
SRR053610,WGS,48,357992064,SAMN00014736,255567418,COLD SPRING HARBOR LABORATORY,public,"sra,run.zq,fastq","s3,ncbi,gs","ncbi.public,gs.us-east1,s3.us-east-1",SRX021401,Illumina Genome Analyzer,SC.WGA.LIB,SINGLE,RANDOM,GENOMIC,Homo sapiens,ILLUMINA,2011-01-10T00:00:00Z,T10,SRP002535,2014-05-27T03:16:00Z,3,10,,48
SRR053611,WGS,48,393627552,SAMN00014736,249726887,COLD SPRING HARBOR LABORATORY,public,"sra,run.zq","gs,ncbi,s3","s3.us-east-1,ncbi.public,gs.us-east1",SRX021401,Illumina Genome Analyzer,SC.WGA.LIB,SINGLE,RANDOM,GENOMIC,Homo sapiens,ILLUMINA,2011-01-10T00:00:00Z,T10,SRP002535,2014-05-27T03:16:00Z,2,10,@,
SRR053615,WGS,48,291567552,SAMN00014736,188954094,COLD SPRING HARBOR LABORATORY,public,"run.zq,sra","s3,gs,ncbi","s3.us-east-1,ncbi.public,gs.us-east1",SRX021401,Illumina Genome Analyzer,SC.WGA.LIB,SINGLE,RANDOM,GENOMIC,Homo sapiens,ILLUMINA,2011-01-10T00:00:00Z,T10,SRP002535,2014-05-27T03:15:00Z,2,10,@,
SRR053616,WGS,48,325468896,SAMN00014736,211696454,COLD SPRING HARBOR LABORATORY,public,"sra,run.zq","gs,ncbi,s3","s3.us-east-1,ncbi.public,gs.us-east1",SRX021401,Illumina Genome Analyzer,SC.WGA.LIB,SINGLE,RANDOM,GENOMIC,Homo sapiens,ILLUMINA,2011-01-10T00:00:00Z,T10,SRP002535,2014-05-27T03:16:00Z,2,10,@,
SRR053617,WGS,48,405565872,SAMN00014736,259590511,COLD SPRING HARBOR LABORATORY,public,"run.zq,sra","s3,ncbi,gs","gs.us-east1,ncbi.public,s3.us-east-1",SRX021401,Illumina Genome Analyzer,SC.WGA.LIB,SINGLE,RANDOM,GENOMIC,Homo sapiens,ILLUMINA,2011-01-10T00:00:00Z,T10,SRP002535,2014-05-27T03:16:00Z,2,10,@,
SRR053618,WGS,48,381068304,SAMN00014736,242205226,COLD SPRING HARBOR LABORATORY,public,"run.zq,sra","ncbi,s3,gs","s3.us-east-1,gs.us-east1,ncbi.public",SRX021401,Illumina Genome Analyzer,SC.WGA.LIB,SINGLE,RANDOM,GENOMIC,Homo sapiens,ILLUMINA,2011-01-10T00:00:00Z,T10,SRP002535,2014-05-27T03:16:00Z,2,10,@,
SRR053619,WGS,48,301688640,SAMN00014736,185351776,COLD SPRING HARBOR LABORATORY,public,"run.zq,sra","ncbi,gs,s3","ncbi.public,s3.us-east-1,gs.us-east1",SRX021401,Illumina Genome Analyzer,SC.WGA.LIB,SINGLE,RANDOM,GENOMIC,Homo sapiens,ILLUMINA,2011-01-10T00:00:00Z,T10,SRP002535,2014-05-27T03:16:00Z,2,10,@,
SRR053620,WGS,48,659391504,SAMN00014736,394117403,COLD SPRING HARBOR LABORATORY,public,"sra,run.zq","s3,gs,ncbi","s3.us-east-1,gs.us-east1,ncbi.public",SRX021401,Illumina Genome Analyzer,SC.WGA.LIB,SINGLE,RANDOM,GENOMIC,Homo sapiens,ILLUMINA,2011-01-10T00:00:00Z,T10,SRP002535,2014-05-27T03:16:00Z,2,10,,
SRR053623,WGS,48,612274992,SAMN00014736,363990955,COLD SPRING HARBOR LABORATORY,public,"sra,run.zq","gs,ncbi,s3","ncbi.public,gs.us-east1,s3.us-east-1",SRX021401,Illumina Genome Analyzer,SC.WGA.LIB,SINGLE,RANDOM,GENOMIC,Homo sapiens,ILLUMINA,2011-01-10T00:00:00Z,T10,SRP002535,2014-05-27T03:16:00Z,2,10,,
SRR053624,WGS,48,683168592,SAMN00014736,409340662,COLD SPRING HARBOR LABORATORY,public,"run.zq,sra","gs,s3,ncbi","s3.us-east-1,ncbi.public,gs.us-east1",SRX021401,Illumina Genome Analyzer,SC.WGA.LIB,SINGLE,RANDOM,GENOMIC,Homo sapiens,ILLUMINA,2011-01-10T00:00:00Z,T10,SRP002535,2014-05-27T03:16:00Z,2,10,,
SRR053629,WGS,48,575867136,SAMN00014736,349160877,COLD SPRING HARBOR LABORATORY,public,"run.zq,sra","gs,ncbi,s3","ncbi.public,gs.us-east1,s3.us-east-1",SRX021401,Illumina Genome Analyzer,SC.WGA.LIB,SINGLE,RANDOM,GENOMIC,Homo sapiens,ILLUMINA,2011-01-10T00:00:00Z,T10,SRP002535,2014-05-27T03:16:00Z,2,10,@,
SRR053630,WGS,48,411291504,SAMN00014736,250072506,COLD SPRING HARBOR LABORATORY,public,"run.zq,sra","s3,ncbi,gs","gs.us-east1,s3.us-east-1,ncbi.public",SRX021401,Illumina Genome Analyzer,SC.WGA.LIB,SINGLE,RANDOM,GENOMIC,Homo sapiens,ILLUMINA,2011-01-10T00:00:00Z,T10,SRP002535,2014-05-27T03:16:00Z,2,10,@,
SRR053631,WGS,48,571448544,SAMN00014736,351286928,COLD SPRING HARBOR LABORATORY,public,"run.zq,sra","gs,ncbi,s3","s3.us-east-1,ncbi.public,gs.us-east1",SRX021401,Illumina Genome Analyzer,SC.WGA.LIB,SINGLE,RANDOM,GENOMIC,Homo sapiens,ILLUMINA,2011-01-10T00:00:00Z,T10,SRP002535,2014-05-27T03:16:00Z,2,10,@,
SRR053632,WGS,48,633285360,SAMN00014736,383059266,COLD SPRING HARBOR LABORATORY,public,"sra,run.zq","gs,ncbi,s3","ncbi.public,s3.us-east-1,gs.us-east1",SRX021401,Illumina Genome Analyzer,SC.WGA.LIB,SINGLE,RANDOM,GENOMIC,Homo sapiens,ILLUMINA,2011-01-10T00:00:00Z,T10,SRP002535,2014-05-27T03:16:00Z,2,10,,
SRR053633,WGS,48,724836384,SAMN00014736,426207638,COLD SPRING HARBOR LABORATORY,public,"run.zq,sra","gs,s3,ncbi","gs.us-east1,ncbi.public,s3.us-east-1",SRX021401,Illumina Genome Analyzer,SC.WGA.LIB,SINGLE,RANDOM,GENOMIC,Homo sapiens,ILLUMINA,2011-01-10T00:00:00Z,T10,SRP002535,2014-05-27T03:16:00Z,2,10,,
SRR053634,WGS,48,786910128,SAMN00014736,451452402,COLD SPRING HARBOR LABORATORY,public,run.zq,"s3,gs,ncbi","s3.us-east-1,ncbi.public,gs.us-east1",SRX021401,Illumina Genome Analyzer,SC.WGA.LIB,SINGLE,RANDOM,GENOMIC,Homo sapiens,ILLUMINA,2011-01-10T00:00:00Z,T10,SRP002535,,,10,@,
SRR053635,WGS,48,636951552,SAMN00014736,386219310,COLD SPRING HARBOR LABORATORY,public,"sra,run.zq,fastq","gs,ncbi,s3","gs.us-east1,ncbi.public,s3.us-east-1",SRX021401,Illumina Genome Analyzer,SC.WGA.LIB,SINGLE,RANDOM,GENOMIC,Homo sapiens,ILLUMINA,2011-01-10T00:00:00Z,T10,SRP002535,2014-05-27T03:16:00Z,2,10,,
SRR053636,WGS,48,536694960,SAMN00014736,276453148,COLD SPRING HARBOR LABORATORY,public,"run.zq,sra,fastq","s3,gs,ncbi","s3.us-east-1,gs.us-east1,ncbi.public",SRX021401,Illumina Genome Analyzer,SC.WGA.LIB,SINGLE,RANDOM,GENOMIC,Homo sapiens,ILLUMINA,2011-01-10T00:00:00Z,T10,SRP002535,2014-05-27T03:16:00Z,2,10,@,
SRR053637,WGS,48,430307424,SAMN00014736,282588001,COLD SPRING HARBOR LABORATORY,public,"fastq,run.zq,sra","gs,s3,ncbi","gs.us-east1,s3.us-east-1,ncbi.public",SRX021401,Illumina Genome Analyzer,SC.WGA.LIB,SINGLE,RANDOM,GENOMIC,Homo sapiens,ILLUMINA,2011-01-10T00:00:00Z,T10,SRP002535,2014-05-27T03:16:00Z,2,10,@,
SRR053638,WGS,48,233528160,SAMN00014736,173469828,COLD SPRING HARBOR LABORATORY,public,"fastq,sra,run.zq","gs,s3,ncbi","ncbi.public,gs.us-east1,s3.us-east-1",SRX021401,Illumina Genome Analyzer,SC.WGA.LIB,SINGLE,RANDOM,GENOMIC,Homo sapiens,ILLUMINA,2011-01-10T00:00:00Z,T10,SRP002535,2014-05-27T03:15:00Z,2,10,,
SRR053639,WGS,48,698330880,SAMN00014736,402693909,COLD SPRING HARBOR LABORATORY,public,"fastq,run.zq,sra","s3,gs,ncbi","s3.us-east-1,ncbi.public,gs.us-east1",SRX021401,Illumina Genome Analyzer,SC.WGA.LIB,SINGLE,RANDOM,GENOMIC,Homo sapiens,ILLUMINA,2011-01-10T00:00:00Z,T10,SRP002535,2014-05-27T03:17:00Z,2,10,@,
SRR053666,WGS,48,693605712,SAMN00014736,408215580,COLD SPRING HARBOR LABORATORY,public,"run.zq,sra","gs,ncbi,s3","gs.us-east1,ncbi.public,s3.us-east-1",SRX021401,Illumina Genome Analyzer,SC.WGA.LIB,SINGLE,RANDOM,GENOMIC,Homo sapiens,ILLUMINA,2011-01-10T00:00:00Z,T10,SRP002535,2014-05-27T03:20:00Z,2,10,@,
SRR053667,WGS,48,667789488,SAMN00014736,402405875,COLD SPRING HARBOR LABORATORY,public,"sra,run.zq","ncbi,s3,gs","ncbi.public,s3.us-east-1,gs.us-east1",SRX021401,Illumina Genome Analyzer,SC.WGA.LIB,SINGLE,RANDOM,GENOMIC,Homo sapiens,ILLUMINA,2011-01-10T00:00:00Z,T10,SRP002535,2014-05-27T03:19:00Z,2,10,@,
SRR053668,WGS,48,383308800,SAMN00014736,281606469,COLD SPRING HARBOR LABORATORY,public,"sra,run.zq","s3,gs,ncbi","gs.us-east1,s3.us-east-1,ncbi.public",SRX021401,Illumina Genome Analyzer,SC.WGA.LIB,SINGLE,RANDOM,GENOMIC,Homo sapiens,ILLUMINA,2011-01-10T00:00:00Z,T10,SRP002535,2014-05-27T03:18:00Z,2,10,@,
SRR053669,WGS,48,282018816,SAMN00014736,179419343,COLD SPRING HARBOR LABORATORY,public,"run.zq,sra","gs,s3,ncbi","s3.us-east-1,ncbi.public,gs.us-east1",SRX021401,Illumina Genome Analyzer,SC.WGA.LIB,SINGLE,RANDOM,GENOMIC,Homo sapiens,ILLUMINA,2011-01-10T00:00:00Z,T10,SRP002535,2014-05-27T03:18:00Z,2,10,@,
SRR053670,WGS,48,476151216,SAMN00014736,317418852,COLD SPRING HARBOR LABORATORY,public,"sra,run.zq,fastq","ncbi,gs,s3","gs.us-east1,s3.us-east-1,ncbi.public",SRX021401,Illumina Genome Analyzer,SC.WGA.LIB,SINGLE,RANDOM,GENOMIC,Homo sapiens,ILLUMINA,2011-01-10T00:00:00Z,T10,SRP002535,2014-05-27T03:19:00Z,2,10,,
SRR053671,WGS,48,514128480,SAMN00014736,364197605,COLD SPRING HARBOR LABORATORY,public,"sra,fastq,run.zq","s3,gs,ncbi","gs.us-east1,ncbi.public,s3.us-east-1",SRX021401,Illumina Genome Analyzer,SC.WGA.LIB,SINGLE,RANDOM,GENOMIC,Homo sapiens,ILLUMINA,2011-01-10T00:00:00Z,T10,SRP002535,2014-05-27T03:19:00Z,2,10,,
SRR053672,WGS,48,348680400,SAMN00014736,254512211,COLD SPRING HARBOR LABORATORY,public,"run.zq,sra,fastq","gs,ncbi,s3","s3.us-east-1,ncbi.public,gs.us-east1",SRX021401,Illumina Genome Analyzer,SC.WGA.LIB,SINGLE,RANDOM,GENOMIC,Homo sapiens,ILLUMINA,2011-01-10T00:00:00Z,T10,SRP002535,2014-05-27T03:18:00Z,2,10,,
SRR053673,WGS,48,276896496,SAMN00014736,194698422,COLD SPRING HARBOR LABORATORY,public,"sra,run.zq,fastq","gs,s3,ncbi","gs.us-east1,ncbi.public,s3.us-east-1",SRX021401,Illumina Genome Analyzer,SC.WGA.LIB,SINGLE,RANDOM,GENOMIC,Homo sapiens,ILLUMINA,2011-01-10T00:00:00Z,T10,SRP002535,2014-05-27T03:18:00Z,2,10,@,
SRR053674,WGS,48,421759728,SAMN00014736,273056821,COLD SPRING HARBOR LABORATORY,public,"sra,run.zq","gs,ncbi,s3","s3.us-east-1,gs.us-east1,ncbi.public",SRX021401,Illumina Genome Analyzer,SC.WGA.LIB,SINGLE,RANDOM,GENOMIC,Homo sapiens,ILLUMINA,2011-01-10T00:00:00Z,T10,SRP002535,2014-05-27T03:19:00Z,2,10,@,
SRR053675,WGS,48,399374064,SAMN00014736,252574265,COLD SPRING HARBOR LABORATORY,public,"run.zq,sra","ncbi,s3,gs","s3.us-east-1,ncbi.public,gs.us-east1",SRX021401,Illumina Genome Analyzer,SC.WGA.LIB,SINGLE,RANDOM,GENOMIC,Homo sapiens,ILLUMINA,2011-01-10T00:00:00Z,T10,SRP002535,2014-05-27T03:18:00Z,2,10,,
SRR053676,WGS,48,179433264,SAMN00014736,132857051,COLD SPRING HARBOR LABORATORY,public,"fastq,run.zq,sra","ncbi,gs,s3","s3.us-east-1,gs.us-east1,ncbi.public",SRX021401,Illumina Genome Analyzer,SC.WGA.LIB,SINGLE,RANDOM,GENOMIC,Homo sapiens,ILLUMINA,2011-01-10T00:00:00Z,T10,SRP002535,2014-05-27T03:18:00Z,2,10,,
SRR053677,WGS,48,364803408,SAMN00014736,223977861,COLD SPRING HARBOR LABORATORY,public,"sra,run.zq","gs,ncbi,s3","ncbi.public,s3.us-east-1,gs.us-east1",SRX021401,Illumina Genome Analyzer,SC.WGA.LIB,SINGLE,RANDOM,GENOMIC,Homo sapiens,ILLUMINA,2011-01-10T00:00:00Z,T10,SRP002535,2014-05-27T03:18:00Z,2,10,,
SRR053678,WGS,48,395388912,SAMN00014736,242677035,COLD SPRING HARBOR LABORATORY,public,"run.zq,sra","ncbi,s3,gs","s3.us-east-1,ncbi.public,gs.us-east1",SRX021401,Illumina Genome Analyzer,SC.WGA.LIB,SINGLE,RANDOM,GENOMIC,Homo sapiens,ILLUMINA,2011-01-10T00:00:00Z,T10,SRP002535,2014-05-27T03:19:00Z,2,10,@,
SRR053679,WGS,48,394854960,SAMN00014736,243750435,COLD SPRING HARBOR LABORATORY,public,"run.zq,sra","ncbi,gs,s3","gs.us-east1,s3.us-east-1,ncbi.public",SRX021401,Illumina Genome Analyzer,SC.WGA.LIB,SINGLE,RANDOM,GENOMIC,Homo sapiens,ILLUMINA,2011-01-10T00:00:00Z,T10,SRP002535,2014-05-27T03:19:00Z,2,10,,
SRR053680,WGS,48,344776704,SAMN00014736,212586102,COLD SPRING HARBOR LABORATORY,public,"run.zq,sra","s3,gs,ncbi","s3.us-east-1,ncbi.public,gs.us-east1",SRX021401,Illumina Genome Analyzer,SC.WGA.LIB,SINGLE,RANDOM,GENOMIC,Homo sapiens,ILLUMINA,2011-01-10T00:00:00Z,T10,SRP002535,2014-05-27T03:18:00Z,2,10,,
SRR053681,WGS,48,403902672,SAMN00014736,254840436,COLD SPRING HARBOR LABORATORY,public,"sra,run.zq","gs,s3,ncbi","s3.us-east-1,gs.us-east1,ncbi.public",SRX021401,Illumina Genome Analyzer,SC.WGA.LIB,SINGLE,RANDOM,GENOMIC,Homo sapiens,ILLUMINA,2011-01-10T00:00:00Z,T10,SRP002535,2014-05-27T03:19:00Z,2,10,,
SRR054213,WGS,48,356596656,SAMN00014736,224102891,COLD SPRING HARBOR LABORATORY,public,"sra,run.zq","gs,ncbi,s3","ncbi.public,gs.us-east1,s3.us-east-1",SRX021401,Illumina Genome Analyzer,SC.WGA.LIB,SINGLE,RANDOM,GENOMIC,Homo sapiens,ILLUMINA,2011-01-10T00:00:00Z,T10,SRP002535,2014-05-27T03:19:00Z,2,10,@,
SRR054565,WGS,48,644974272,SAMN00014736,383574582,COLD SPRING HARBOR LABORATORY,public,"sra,run.zq","s3,ncbi,gs","gs.us-east1,ncbi.public,s3.us-east-1",SRX021401,Illumina Genome Analyzer,SC.WGA.LIB,SINGLE,RANDOM,GENOMIC,Homo sapiens,ILLUMINA,2011-01-10T00:00:00Z,T10,SRP002535,2014-05-27T03:19:00Z,2,10,,
SRR054566,WGS,48,645181488,SAMN00014736,392322980,COLD SPRING HARBOR LABORATORY,public,"sra,run.zq","gs,s3,ncbi","ncbi.public,s3.us-east-1,gs.us-east1",SRX021401,Illumina Genome Analyzer,SC.WGA.LIB,SINGLE,RANDOM,GENOMIC,Homo sapiens,ILLUMINA,2011-01-10T00:00:00Z,T10,SRP002535,2014-05-27T03:19:00Z,2,10,@,
SRR054567,WGS,48,694047024,SAMN00014736,421399244,COLD SPRING HARBOR LABORATORY,public,"sra,run.zq","ncbi,s3,gs","s3.us-east-1,ncbi.public,gs.us-east1",SRX021401,Illumina Genome Analyzer,SC.WGA.LIB,SINGLE,RANDOM,GENOMIC,Homo sapiens,ILLUMINA,2011-01-10T00:00:00Z,T10,SRP002535,2014-05-27T03:20:00Z,2,10,@,
SRR054568,WGS,48,693022272,SAMN00014736,420835824,COLD SPRING HARBOR LABORATORY,public,"run.zq,sra","s3,gs,ncbi","gs.us-east1,ncbi.public,s3.us-east-1",SRX021401,Illumina Genome Analyzer,SC.WGA.LIB,SINGLE,RANDOM,GENOMIC,Homo sapiens,ILLUMINA,2011-01-10T00:00:00Z,T10,SRP002535,2014-05-27T03:19:00Z,2,10,,
SRR054569,WGS,48,755640048,SAMN00014736,458143497,COLD SPRING HARBOR LABORATORY,public,"sra,run.zq","s3,ncbi,gs","gs.us-east1,s3.us-east-1,ncbi.public",SRX021401,Illumina Genome Analyzer,SC.WGA.LIB,SINGLE,RANDOM,GENOMIC,Homo sapiens,ILLUMINA,2011-01-10T00:00:00Z,T10,SRP002535,2014-05-27T03:20:00Z,2,10,,
SRR054570,WGS,48,622620864,SAMN00014736,378185578,COLD SPRING HARBOR LABORATORY,public,"sra,run.zq,fastq","s3,ncbi,gs","s3.us-east-1,gs.us-east1,ncbi.public",SRX021401,Illumina Genome Analyzer,SC.WGA.LIB,SINGLE,RANDOM,GENOMIC,Homo sapiens,ILLUMINA,2011-01-10T00:00:00Z,T10,SRP002535,2014-05-27T03:20:00Z,2,10,,
SRR054571,WGS,48,681813120,SAMN00014736,415586224,COLD SPRING HARBOR LABORATORY,public,"fastq,run.zq,sra","ncbi,s3,gs","gs.us-east1,s3.us-east-1,ncbi.public",SRX021401,Illumina Genome Analyzer,SC.WGA.LIB,SINGLE,RANDOM,GENOMIC,Homo sapiens,ILLUMINA,2011-01-10T00:00:00Z,T10,SRP002535,2014-05-27T03:20:00Z,2,10,,
SRR054572,WGS,48,668305440,SAMN00014736,402957006,COLD SPRING HARBOR LABORATORY,public,"sra,run.zq,fastq","ncbi,gs,s3","ncbi.public,gs.us-east1,s3.us-east-1",SRX021401,Illumina Genome Analyzer,SC.WGA.LIB,SINGLE,RANDOM,GENOMIC,Homo sapiens,ILLUMINA,2011-01-10T00:00:00Z,T10,SRP002535,2014-05-27T03:20:00Z,2,10,@,
SRR054573,WGS,48,471084432,SAMN00014736,291413006,COLD SPRING HARBOR LABORATORY,public,"run.zq,fastq,sra","gs,s3,ncbi","s3.us-east-1,ncbi.public,gs.us-east1",SRX021401,Illumina Genome Analyzer,SC.WGA.LIB,SINGLE,RANDOM,GENOMIC,Homo sapiens,ILLUMINA,2011-01-10T00:00:00Z,T10,SRP002535,2014-05-27T03:20:00Z,2,10,,
SRR054574,WGS,48,483816240,SAMN00014736,299902965,COLD SPRING HARBOR LABORATORY,public,"fastq,sra,run.zq","s3,gs,ncbi","gs.us-east1,ncbi.public,s3.us-east-1",SRX021401,Illumina Genome Analyzer,SC.WGA.LIB,SINGLE,RANDOM,GENOMIC,Homo sapiens,ILLUMINA,2011-01-10T00:00:00Z,T10,SRP002535,2014-05-27T03:20:00Z,2,10,,
SRR054575,WGS,48,470344320,SAMN00014736,296142501,COLD SPRING HARBOR LABORATORY,public,"run.zq,sra,fastq","ncbi,s3,gs","ncbi.public,gs.us-east1,s3.us-east-1",SRX021401,Illumina Genome Analyzer,SC.WGA.LIB,SINGLE,RANDOM,GENOMIC,Homo sapiens,ILLUMINA,2011-01-10T00:00:00Z,T10,SRP002535,2014-05-27T03:20:00Z,2,10,,
SRR054576,WGS,48,436166496,SAMN00014736,272663116,COLD SPRING HARBOR LABORATORY,public,"fastq,run.zq,sra","ncbi,gs,s3","gs.us-east1,ncbi.public,s3.us-east-1",SRX021401,Illumina Genome Analyzer,SC.WGA.LIB,SINGLE,RANDOM,GENOMIC,Homo sapiens,ILLUMINA,2011-01-10T00:00:00Z,T10,SRP002535,2014-05-27T03:20:00Z,2,10,,
SRR054577,WGS,48,379792800,SAMN00014736,236063890,COLD SPRING HARBOR LABORATORY,public,"fastq,sra,run.zq","ncbi,s3,gs","s3.us-east-1,ncbi.public,gs.us-east1",SRX021401,Illumina Genome Analyzer,SC.WGA.LIB,SINGLE,RANDOM,GENOMIC,Homo sapiens,ILLUMINA,2011-01-10T00:00:00Z,T10,SRP002535,2014-05-27T03:20:00Z,2,10,,
SRR054578,WGS,48,473674608,SAMN00014736,294205422,COLD SPRING HARBOR LABORATORY,public,"run.zq,fastq,sra","ncbi,gs,s3","gs.us-east1,s3.us-east-1,ncbi.public",SRX021401,Illumina Genome Analyzer,SC.WGA.LIB,SINGLE,RANDOM,GENOMIC,Homo sapiens,ILLUMINA,2011-01-10T00:00:00Z,T10,SRP002535,2014-05-27T03:20:00Z,2,10,,
SRR054592,WGS,48,350139696,SAMN00014736,261750615,COLD SPRING HARBOR LABORATORY,public,"fastq,run.zq,sra","ncbi,gs,s3","gs.us-east1,ncbi.public,s3.us-east-1",SRX021401,Illumina Genome Analyzer,SC.WGA.LIB,SINGLE,RANDOM,GENOMIC,Homo sapiens,ILLUMINA,2011-01-10T00:00:00Z,T10,SRP002535,2014-05-27T03:19:00Z,2,10,@,
SRR054594,WGS,48,130838832,SAMN00014736,89367419,COLD SPRING HARBOR LABORATORY,public,"fastq,run.zq,sra","ncbi,s3,gs","gs.us-east1,ncbi.public,s3.us-east-1",SRX021401,Illumina Genome Analyzer,SC.WGA.LIB,SINGLE,RANDOM,GENOMIC,Homo sapiens,ILLUMINA,2011-01-10T00:00:00Z,T10,SRP002535,2014-05-27T03:19:00Z,2,10,@,
SRR054596,WGS,48,215785680,SAMN00014736,155585146,COLD SPRING HARBOR LABORATORY,public,"sra,run.zq","gs,s3,ncbi","ncbi.public,gs.us-east1,s3.us-east-1",SRX021401,Illumina Genome Analyzer,SC.WGA.LIB,SINGLE,RANDOM,GENOMIC,Homo sapiens,ILLUMINA,2011-01-10T00:00:00Z,T10,SRP002535,2014-05-27T03:19:00Z,2,10,@,
SRR054597,WGS,48,156529968,SAMN00014736,106650762,COLD SPRING HARBOR LABORATORY,public,"fastq,sra,run.zq","gs,ncbi,s3","ncbi.public,gs.us-east1,s3.us-east-1",SRX021401,Illumina Genome Analyzer,SC.WGA.LIB,SINGLE,RANDOM,GENOMIC,Homo sapiens,ILLUMINA,2011-01-10T00:00:00Z,T10,SRP002535,2014-05-27T03:19:00Z,2,10,@,
SRR054598,WGS,48,150588768,SAMN00014736,106879960,COLD SPRING HARBOR LABORATORY,public,"fastq,run.zq,sra","ncbi,gs,s3","ncbi.public,s3.us-east-1,gs.us-east1",SRX021401,Illumina Genome Analyzer,SC.WGA.LIB,SINGLE,RANDOM,GENOMIC,Homo sapiens,ILLUMINA,2011-01-10T00:00:00Z,T10,SRP002535,2014-05-27T03:19:00Z,2,10,@,
SRR054599,WGS,26,144584986,SAMN00014736,107469810,COLD SPRING HARBOR LABORATORY,public,"run.zq,sra,fastq","ncbi,s3,gs","s3.us-east-1,gs.us-east1,ncbi.public",SRX021401,Illumina Genome Analyzer,SC.WGA.LIB,SINGLE,RANDOM,GENOMIC,Homo sapiens,ILLUMINA,2011-01-10T00:00:00Z,T10,SRP002535,2014-05-27T03:19:00Z,2,10,@,
SRR054600,WGS,48,398113152,SAMN00014736,257092672,COLD SPRING HARBOR LABORATORY,public,"sra,run.zq","s3,gs,ncbi","s3.us-east-1,ncbi.public,gs.us-east1",SRX021401,Illumina Genome Analyzer,SC.WGA.LIB,SINGLE,RANDOM,GENOMIC,Homo sapiens,ILLUMINA,2011-01-10T00:00:00Z,T10,SRP002535,2014-05-27T03:20:00Z,2,10,,
SRR054601,WGS,48,408036768,SAMN00014736,257719905,COLD SPRING HARBOR LABORATORY,public,"run.zq,sra","gs,s3,ncbi","ncbi.public,gs.us-east1,s3.us-east-1",SRX021401,Illumina Genome Analyzer,SC.WGA.LIB,SINGLE,RANDOM,GENOMIC,Homo sapiens,ILLUMINA,2011-01-10T00:00:00Z,T10,SRP002535,2014-05-27T03:20:00Z,2,10,@,
SRR054602,WGS,48,484515792,SAMN00014736,307414470,COLD SPRING HARBOR LABORATORY,public,"sra,run.zq","s3,gs,ncbi","ncbi.public,s3.us-east-1,gs.us-east1",SRX021401,Illumina Genome Analyzer,SC.WGA.LIB,SINGLE,RANDOM,GENOMIC,Homo sapiens,ILLUMINA,2011-01-10T00:00:00Z,T10,SRP002535,2014-05-27T03:20:00Z,2,10,,
SRR054603,WGS,48,492118608,SAMN00014736,308148941,COLD SPRING HARBOR LABORATORY,public,"sra,run.zq","ncbi,gs,s3","gs.us-east1,s3.us-east-1,ncbi.public",SRX021401,Illumina Genome Analyzer,SC.WGA.LIB,SINGLE,RANDOM,GENOMIC,Homo sapiens,ILLUMINA,2011-01-10T00:00:00Z,T10,SRP002535,2014-05-27T03:20:00Z,2,10,,
SRR054604,WGS,48,208698288,SAMN00014736,149079496,COLD SPRING HARBOR LABORATORY,public,"fastq,run.zq","gs,s3,ncbi","gs.us-east1,ncbi.public,s3.us-east-1",SRX021401,Illumina Genome Analyzer,SC.WGA.LIB,SINGLE,RANDOM,GENOMIC,Homo sapiens,ILLUMINA,2011-01-10T00:00:00Z,T10,SRP002535,,,10,@,
SRR054605,WGS,48,211160304,SAMN00014736,158266947,COLD SPRING HARBOR LABORATORY,public,"run.zq,sra","gs,s3,ncbi","s3.us-east-1,gs.us-east1,ncbi.public",SRX021401,Illumina Genome Analyzer,SC.WGA.LIB,SINGLE,RANDOM,GENOMIC,Homo sapiens,ILLUMINA,2011-01-10T00:00:00Z,T10,SRP002535,2014-05-27T03:19:00Z,2,10,,
SRR054606,WGS,48,342012624,SAMN00014736,201956761,COLD SPRING HARBOR LABORATORY,public,"sra,run.zq,fastq","gs,s3,ncbi","gs.us-east1,s3.us-east-1,ncbi.public",SRX021401,Illumina Genome Analyzer,SC.WGA.LIB,SINGLE,RANDOM,GENOMIC,Homo sapiens,ILLUMINA,2011-01-10T00:00:00Z,T10,SRP002535,2014-05-27T03:20:00Z,2,10,,
SRR054607,WGS,48,655073712,SAMN00014736,378273769,COLD SPRING HARBOR LABORATORY,public,"fastq,run.zq,sra","ncbi,s3,gs","s3.us-east-1,gs.us-east1,ncbi.public",SRX021401,Illumina Genome Analyzer,SC.WGA.LIB,SINGLE,RANDOM,GENOMIC,Homo sapiens,ILLUMINA,2011-01-10T00:00:00Z,T10,SRP002535,2014-05-27T03:20:00Z,2,10,@,
SRR054608,WGS,48,586464576,SAMN00014736,332283264,COLD SPRING HARBOR LABORATORY,public,"fastq,sra,run.zq","gs,ncbi,s3","s3.us-east-1,gs.us-east1,ncbi.public",SRX021401,Illumina Genome Analyzer,SC.WGA.LIB,SINGLE,RANDOM,GENOMIC,Homo sapiens,ILLUMINA,2011-01-10T00:00:00Z,T10,SRP002535,2014-05-27T03:20:00Z,2,10,@,
SRR054609,WGS,48,835272480,SAMN00014736,463666674,COLD SPRING HARBOR LABORATORY,public,"sra,run.zq,fastq","ncbi,s3,gs","s3.us-east-1,gs.us-east1,ncbi.public",SRX021401,Illumina Genome Analyzer,SC.WGA.LIB,SINGLE,RANDOM,GENOMIC,Homo sapiens,ILLUMINA,2011-01-10T00:00:00Z,T10,SRP002535,2014-05-27T03:21:00Z,2,10,@,
SRR054610,WGS,48,757353744,SAMN00014736,420455664,COLD SPRING HARBOR LABORATORY,public,"run.zq,sra,fastq","s3,ncbi,gs","gs.us-east1,s3.us-east-1,ncbi.public",SRX021401,Illumina Genome Analyzer,SC.WGA.LIB,SINGLE,RANDOM,GENOMIC,Homo sapiens,ILLUMINA,2011-01-10T00:00:00Z,T10,SRP002535,2014-05-27T03:20:00Z,2,10,@,
SRR054611,WGS,48,832831488,SAMN00014736,476993065,COLD SPRING HARBOR LABORATORY,public,"run.zq,sra","gs,s3,ncbi","gs.us-east1,ncbi.public,s3.us-east-1",SRX021401,Illumina Genome Analyzer,SC.WGA.LIB,SINGLE,RANDOM,GENOMIC,Homo sapiens,ILLUMINA,2011-01-10T00:00:00Z,T10,SRP002535,2014-05-27T03:21:00Z,2,10,,
SRR054612,WGS,48,858118320,SAMN00014736,481763578,COLD SPRING HARBOR LABORATORY,public,"fastq,sra,run.zq","ncbi,gs,s3","s3.us-east-1,ncbi.public,gs.us-east1",SRX021401,Illumina Genome Analyzer,SC.WGA.LIB,SINGLE,RANDOM,GENOMIC,Homo sapiens,ILLUMINA,2011-01-10T00:00:00Z,T10,SRP002535,2014-05-27T03:21:00Z,2,10,,
SRR054613,WGS,48,629656512,SAMN00014736,363503158,COLD SPRING HARBOR LABORATORY,public,"sra,run.zq,fastq","s3,gs,ncbi","ncbi.public,s3.us-east-1,gs.us-east1",SRX021401,Illumina Genome Analyzer,SC.WGA.LIB,SINGLE,RANDOM,GENOMIC,Homo sapiens,ILLUMINA,2011-01-10T00:00:00Z,T10,SRP002535,2014-05-27T03:20:00Z,2,10,,
SRR054614,WGS,48,745750704,SAMN00014736,445152057,COLD SPRING HARBOR LABORATORY,public,"sra,run.zq,fastq","ncbi,gs,s3","s3.us-east-1,ncbi.public,gs.us-east1",SRX021401,Illumina Genome Analyzer,SC.WGA.LIB,SINGLE,RANDOM,GENOMIC,Homo sapiens,ILLUMINA,2011-01-10T00:00:00Z,T10,SRP002535,2014-05-27T03:20:00Z,2,10,,
SRR054615,WGS,48,913035264,SAMN00014736,532902077,COLD SPRING HARBOR LABORATORY,public,"run.zq,fastq,sra","ncbi,s3,gs","gs.us-east1,s3.us-east-1,ncbi.public",SRX021401,Illumina Genome Analyzer,SC.WGA.LIB,SINGLE,RANDOM,GENOMIC,Homo sapiens,ILLUMINA,2011-01-10T00:00:00Z,T10,SRP002535,2014-05-27T03:21:00Z,2,10,@,
SRR054616,WGS,48,887248320,SAMN00014736,529355729,COLD SPRING HARBOR LABORATORY,public,"sra,fastq,run.zq","gs,s3,ncbi","gs.us-east1,ncbi.public,s3.us-east-1",SRX021401,Illumina Genome Analyzer,SC.WGA.LIB,SINGLE,RANDOM,GENOMIC,Homo sapiens,ILLUMINA,2011-01-10T00:00:00Z,T10,SRP002535,2014-05-27T03:21:00Z,2,10,,
SRR054618,WGS,48,674754336,SAMN00014736,404121660,COLD SPRING HARBOR LABORATORY,public,"run.zq,sra,fastq","ncbi,gs,s3","ncbi.public,s3.us-east-1,gs.us-east1",SRX021401,Illumina Genome Analyzer,SC.WGA.LIB,SINGLE,RANDOM,GENOMIC,Homo sapiens,ILLUMINA,2011-01-10T00:00:00Z,T10,SRP002535,2014-05-27T03:20:00Z,2,10,@,
SRR054620,WGS,48,635152512,SAMN00014736,369411201,COLD SPRING HARBOR LABORATORY,public,"sra,fastq,run.zq","s3,gs,ncbi","ncbi.public,s3.us-east-1,gs.us-east1",SRX021401,Illumina Genome Analyzer,SC.WGA.LIB,SINGLE,RANDOM,GENOMIC,Homo sapiens,ILLUMINA,2011-01-10T00:00:00Z,T10,SRP002535,2014-05-27T03:20:00Z,2,10,@,
SRR054622,WGS,48,133913184,SAMN00014736,94985697,COLD SPRING HARBOR LABORATORY,public,"sra,run.zq,fastq","gs,s3,ncbi","ncbi.public,gs.us-east1,s3.us-east-1",SRX021401,Illumina Genome Analyzer,SC.WGA.LIB,SINGLE,RANDOM,GENOMIC,Homo sapiens,ILLUMINA,2011-01-10T00:00:00Z,T10,SRP002535,2014-05-27T03:19:00Z,2,10,,
SRR054626,WGS,48,236269152,SAMN00014736,171555629,COLD SPRING HARBOR LABORATORY,public,"sra,fastq,run.zq","s3,gs,ncbi","ncbi.public,s3.us-east-1,gs.us-east1",SRX021401,Illumina Genome Analyzer,SC.WGA.LIB,SINGLE,RANDOM,GENOMIC,Homo sapiens,ILLUMINA,2011-01-10T00:00:00Z,T10,SRP002535,2014-05-27T03:19:00Z,2,10,@,
SRR054632,WGS,48,446439168,SAMN00014736,284886754,COLD SPRING HARBOR LABORATORY,public,"fastq,run.zq,sra","ncbi,gs,s3","ncbi.public,gs.us-east1,s3.us-east-1",SRX021401,Illumina Genome Analyzer,SC.WGA.LIB,SINGLE,RANDOM,GENOMIC,Homo sapiens,ILLUMINA,2011-01-10T00:00:00Z,T10,SRP002535,2014-05-27T03:21:00Z,2,10,@,
SRR054633,WGS,48,374349984,SAMN00014736,237203458,COLD SPRING HARBOR LABORATORY,public,"run.zq,sra","gs,s3,ncbi","ncbi.public,s3.us-east-1,gs.us-east1",SRX021401,Illumina Genome Analyzer,SC.WGA.LIB,SINGLE,RANDOM,GENOMIC,Homo sapiens,ILLUMINA,2011-01-10T00:00:00Z,T10,SRP002535,2014-05-27T03:21:00Z,2,10,,
SRR054634,WGS,48,635678880,SAMN00014736,371060534,COLD SPRING HARBOR LABORATORY,public,"sra,run.zq","s3,ncbi,gs","gs.us-east1,ncbi.public,s3.us-east-1",SRX021401,Illumina Genome Analyzer,SC.WGA.LIB,SINGLE,RANDOM,GENOMIC,Homo sapiens,ILLUMINA,2011-01-10T00:00:00Z,T10,SRP002535,2014-05-27T03:21:00Z,2,10,@,
SRR089377,WGS,76,1953336876,SAMN00014736,1114504540,COLD SPRING HARBOR LABORATORY,public,"run.zq,fastq,sra","s3,ncbi,gs","s3.us-east-1,ncbi.public,gs.us-east1",SRX021401,Illumina Genome Analyzer,SC.WGA.LIB,SINGLE,RANDOM,GENOMIC,Homo sapiens,ILLUMINA,2011-01-10T00:00:00Z,T10,SRP002535,2014-05-29T15:44:00Z,2,,,
SRR089378,WGS,76,2252279076,SAMN00014736,1316008190,COLD SPRING HARBOR LABORATORY,public,"run.zq,sra,fastq","gs,ncbi,s3","ncbi.public,s3.us-east-1,gs.us-east1",SRX021401,Illumina Genome Analyzer,SC.WGA.LIB,SINGLE,RANDOM,GENOMIC,Homo sapiens,ILLUMINA,2011-01-10T00:00:00Z,T10,SRP002535,2014-05-29T15:43:00Z,2,,,
SRR089379,WGS,76,2181112448,SAMN00014736,1362517057,COLD SPRING HARBOR LABORATORY,public,"run.zq,fastq,sra","gs,ncbi,s3","gs.us-east1,s3.us-east-1,ncbi.public",SRX021401,Illumina Genome Analyzer,SC.WGA.LIB,SINGLE,RANDOM,GENOMIC,Homo sapiens,ILLUMINA,2011-01-10T00:00:00Z,T10,SRP002535,2014-05-29T15:44:00Z,2,,,
SRR089397,WGS,76,1767728232,SAMN00014736,1109359473,COLD SPRING HARBOR LABORATORY,public,"run.zq,fastq,sra","ncbi,s3,gs","gs.us-east1,ncbi.public,s3.us-east-1",SRX021401,Illumina Genome Analyzer,SC.WGA.LIB,SINGLE,RANDOM,GENOMIC,Homo sapiens,ILLUMINA,2011-01-10T00:00:00Z,T10,SRP002535,2014-05-29T15:44:00Z,2,,,
SRR089401,WGS,76,1669174320,SAMN00014736,1040985131,COLD SPRING HARBOR LABORATORY,public,"run.zq,fastq,sra","gs,s3,ncbi","s3.us-east-1,gs.us-east1,ncbi.public",SRX021401,Illumina Genome Analyzer,SC.WGA.LIB,SINGLE,RANDOM,GENOMIC,Homo sapiens,ILLUMINA,2011-01-10T00:00:00Z,T10,SRP002535,2014-05-29T15:43:00Z,2,,,
SRR089402,WGS,76,1753065020,SAMN00014736,1096312308,COLD SPRING HARBOR LABORATORY,public,"run.zq,fastq,sra","gs,s3,ncbi","ncbi.public,gs.us-east1,s3.us-east-1",SRX021401,Illumina Genome Analyzer,SC.WGA.LIB,SINGLE,RANDOM,GENOMIC,Homo sapiens,ILLUMINA,2011-01-10T00:00:00Z,T10,SRP002535,2014-05-29T15:42:00Z,2,,,
SRR089403,WGS,76,1787896808,SAMN00014736,1128380025,COLD SPRING HARBOR LABORATORY,public,"sra,fastq,run.zq","ncbi,s3,gs","gs.us-east1,ncbi.public,s3.us-east-1",SRX021401,Illumina Genome Analyzer,SC.WGA.LIB,SINGLE,RANDOM,GENOMIC,Homo sapiens,ILLUMINA,2011-01-10T00:00:00Z,T10,SRP002535,2014-05-29T15:43:00Z,2,,,
SRR089523,WGS,48,458586144,SAMN00189347,309795155,COLD SPRING HARBOR LABORATORY,public,"run.zq,fastq,sra","gs,s3,ncbi","ncbi.public,s3.us-east-1,gs.us-east1",SRX037035,Illumina Genome Analyzer II,T16P,SINGLE,RANDOM,GENOMIC,Homo sapiens,ILLUMINA,2011-01-10T00:00:00Z,T16P,SRP002535,2014-05-29T15:44:00Z,2,,,
SRR089526,WGS,48,1146856368,SAMN00189347,700834131,COLD SPRING HARBOR LABORATORY,public,"fastq,run.zq,sra","ncbi,gs,s3","gs.us-east1,ncbi.public,s3.us-east-1",SRX037035,Illumina Genome Analyzer II,T16P,SINGLE,RANDOM,GENOMIC,Homo sapiens,ILLUMINA,2011-01-10T00:00:00Z,T16P,SRP002535,2014-05-29T15:47:00Z,2,,,
SRR089529,WGS,48,421026048,SAMN00189347,292664502,COLD SPRING HARBOR LABORATORY,public,"fastq,run.zq,sra","ncbi,gs,s3","gs.us-east1,s3.us-east-1,ncbi.public",SRX037035,Illumina Genome Analyzer II,T16P,SINGLE,RANDOM,GENOMIC,Homo sapiens,ILLUMINA,2011-01-10T00:00:00Z,T16P,SRP002535,2014-05-29T15:44:00Z,2,,,
SRR089533,WGS,48,547583568,SAMN00189347,364645751,COLD SPRING HARBOR LABORATORY,public,"sra,run.zq,fastq","gs,ncbi,s3","s3.us-east-1,gs.us-east1,ncbi.public",SRX037035,Illumina Genome Analyzer II,T16P,SINGLE,RANDOM,GENOMIC,Homo sapiens,ILLUMINA,2011-01-10T00:00:00Z,T16P,SRP002535,2014-05-29T15:45:00Z,2,,,
SRR089542,WGS,48,587169312,SAMN00189347,396893120,COLD SPRING HARBOR LABORATORY,public,"sra,run.zq,fastq","s3,gs,ncbi","s3.us-east-1,ncbi.public,gs.us-east1",SRX037035,Illumina Genome Analyzer II,T16P,SINGLE,RANDOM,GENOMIC,Homo sapiens,ILLUMINA,2011-01-10T00:00:00Z,T16P,SRP002535,2014-05-29T15:44:00Z,2,,,
SRR089550,WGS,76,1056513164,SAMN00189347,678544578,COLD SPRING HARBOR LABORATORY,public,"sra,run.zq,fastq","gs,s3,ncbi","gs.us-east1,ncbi.public,s3.us-east-1",SRX037035,Illumina Genome Analyzer II,T16P,SINGLE,RANDOM,GENOMIC,Homo sapiens,ILLUMINA,2011-01-10T00:00:00Z,T16P,SRP002535,2014-05-29T15:45:00Z,2,,,
SRR089561,WGS,48,554134848,SAMN00189347,358940823,COLD SPRING HARBOR LABORATORY,public,"fastq,run.zq,sra","gs,s3,ncbi","ncbi.public,s3.us-east-1,gs.us-east1",SRX037035,Illumina Genome Analyzer II,T16P,SINGLE,RANDOM,GENOMIC,Homo sapiens,ILLUMINA,2011-01-10T00:00:00Z,T16P,SRP002535,2014-05-29T15:44:00Z,2,,,
SRR089564,WGS,48,550222464,SAMN00189347,377148925,COLD SPRING HARBOR LABORATORY,public,"fastq,sra,run.zq","ncbi,gs,s3","ncbi.public,gs.us-east1,s3.us-east-1",SRX037035,Illumina Genome Analyzer II,T16P,SINGLE,RANDOM,GENOMIC,Homo sapiens,ILLUMINA,2011-01-10T00:00:00Z,T16P,SRP002535,2014-05-29T15:44:00Z,2,,,
SRR089568,WGS,48,1009166976,SAMN00189347,629107095,COLD SPRING HARBOR LABORATORY,public,"run.zq,sra,fastq","gs,ncbi,s3","gs.us-east1,ncbi.public,s3.us-east-1",SRX037035,Illumina Genome Analyzer II,T16P,SINGLE,RANDOM,GENOMIC,Homo sapiens,ILLUMINA,2011-01-10T00:00:00Z,T16P,SRP002535,2014-05-29T15:45:00Z,2,,@,
SRR089573,WGS,48,1257611520,SAMN00189347,828025323,COLD SPRING HARBOR LABORATORY,public,"fastq,run.zq,sra","s3,ncbi,gs","gs.us-east1,ncbi.public,s3.us-east-1",SRX037035,Illumina Genome Analyzer II,T16P,SINGLE,RANDOM,GENOMIC,Homo sapiens,ILLUMINA,2011-01-10T00:00:00Z,T16P,SRP002535,2014-05-29T15:46:00Z,2,,@,
SRR089577,WGS,48,500342736,SAMN00189347,305334040,COLD SPRING HARBOR LABORATORY,public,"sra,fastq,run.zq","s3,ncbi,gs","s3.us-east-1,ncbi.public,gs.us-east1",SRX037035,Illumina Genome Analyzer II,T16P,SINGLE,RANDOM,GENOMIC,Homo sapiens,ILLUMINA,2011-01-10T00:00:00Z,T16P,SRP002535,2014-05-29T15:45:00Z,2,,,
SRR089578,WGS,48,1128739152,SAMN00189347,743671978,COLD SPRING HARBOR LABORATORY,public,"run.zq,sra,fastq","ncbi,s3,gs","ncbi.public,gs.us-east1,s3.us-east-1",SRX037035,Illumina Genome Analyzer II,T16P,SINGLE,RANDOM,GENOMIC,Homo sapiens,ILLUMINA,2011-01-10T00:00:00Z,T16P,SRP002535,2014-05-29T15:47:00Z,2,,,
SRR089580,WGS,48,1174009152,SAMN00189347,781249169,COLD SPRING HARBOR LABORATORY,public,"sra,run.zq,fastq","s3,gs,ncbi","gs.us-east1,ncbi.public,s3.us-east-1",SRX037035,Illumina Genome Analyzer II,T16P,SINGLE,RANDOM,GENOMIC,Homo sapiens,ILLUMINA,2011-01-10T00:00:00Z,T16P,SRP002535,2014-05-29T15:46:00Z,2,,@,
SRR089583,WGS,48,432848880,SAMN00189347,291318577,COLD SPRING HARBOR LABORATORY,public,"sra,fastq,run.zq","s3,gs,ncbi","gs.us-east1,s3.us-east-1,ncbi.public",SRX037035,Illumina Genome Analyzer II,T16P,SINGLE,RANDOM,GENOMIC,Homo sapiens,ILLUMINA,2011-01-10T00:00:00Z,T16P,SRP002535,2014-05-29T15:44:00Z,2,,,
SRR089586,WGS,48,1086727200,SAMN00189347,715675374,COLD SPRING HARBOR LABORATORY,public,"fastq,sra,run.zq","gs,ncbi,s3","s3.us-east-1,gs.us-east1,ncbi.public",SRX037035,Illumina Genome Analyzer II,T16P,SINGLE,RANDOM,GENOMIC,Homo sapiens,ILLUMINA,2011-01-10T00:00:00Z,T16P,SRP002535,2014-05-29T15:47:00Z,2,,,
SRR089589,WGS,48,533085696,SAMN00189347,355066142,COLD SPRING HARBOR LABORATORY,public,"fastq,sra,run.zq","ncbi,gs,s3","s3.us-east-1,ncbi.public,gs.us-east1",SRX037035,Illumina Genome Analyzer II,T16P,SINGLE,RANDOM,GENOMIC,Homo sapiens,ILLUMINA,2011-01-10T00:00:00Z,T16P,SRP002535,2014-05-29T15:45:00Z,2,,,
SRR089591,WGS,48,1045358160,SAMN00189347,662022707,COLD SPRING HARBOR LABORATORY,public,"fastq,sra,run.zq","ncbi,s3,gs","ncbi.public,gs.us-east1,s3.us-east-1",SRX037035,Illumina Genome Analyzer II,T16P,SINGLE,RANDOM,GENOMIC,Homo sapiens,ILLUMINA,2011-01-10T00:00:00Z,T16P,SRP002535,2014-05-29T15:47:00Z,2,,@,
SRR089592,WGS,48,495780912,SAMN00189347,326562677,COLD SPRING HARBOR LABORATORY,public,"sra,run.zq,fastq","s3,ncbi,gs","ncbi.public,gs.us-east1,s3.us-east-1",SRX037035,Illumina Genome Analyzer II,T16P,SINGLE,RANDOM,GENOMIC,Homo sapiens,ILLUMINA,2011-01-10T00:00:00Z,T16P,SRP002535,2014-05-29T15:46:00Z,2,,,
SRR089593,WGS,48,1206277392,SAMN00189347,808727976,COLD SPRING HARBOR LABORATORY,public,"run.zq,sra,fastq","ncbi,s3,gs","ncbi.public,gs.us-east1,s3.us-east-1",SRX037035,Illumina Genome Analyzer II,T16P,SINGLE,RANDOM,GENOMIC,Homo sapiens,ILLUMINA,2011-01-10T00:00:00Z,T16P,SRP002535,2014-05-29T15:47:00Z,2,,,
SRR089594,WGS,48,857442672,SAMN00189347,532327140,COLD SPRING HARBOR LABORATORY,public,"fastq,run.zq,sra","gs,ncbi,s3","gs.us-east1,s3.us-east-1,ncbi.public",SRX037035,Illumina Genome Analyzer II,T16P,SINGLE,RANDOM,GENOMIC,Homo sapiens,ILLUMINA,2011-01-10T00:00:00Z,T16P,SRP002535,2014-05-29T15:46:00Z,2,,@,
SRR089595,WGS,48,1097708160,SAMN00189347,730865127,COLD SPRING HARBOR LABORATORY,public,"sra,run.zq,fastq","gs,s3,ncbi","s3.us-east-1,ncbi.public,gs.us-east1",SRX037035,Illumina Genome Analyzer II,T16P,SINGLE,RANDOM,GENOMIC,Homo sapiens,ILLUMINA,2011-01-10T00:00:00Z,T16P,SRP002535,2014-05-29T15:48:00Z,2,,@,
SRR089596,WGS,48,1137070656,SAMN00189347,773706644,COLD SPRING HARBOR LABORATORY,public,"run.zq,sra,fastq","gs,s3,ncbi","ncbi.public,gs.us-east1,s3.us-east-1",SRX037035,Illumina Genome Analyzer II,T16P,SINGLE,RANDOM,GENOMIC,Homo sapiens,ILLUMINA,2011-01-10T00:00:00Z,T16P,SRP002535,2014-05-29T15:48:00Z,2,,,
SRR089597,WGS,48,1116887088,SAMN00189347,761538560,COLD SPRING HARBOR LABORATORY,public,"fastq,sra,run.zq","gs,ncbi,s3","s3.us-east-1,gs.us-east1,ncbi.public",SRX037035,Illumina Genome Analyzer II,T16P,SINGLE,RANDOM,GENOMIC,Homo sapiens,ILLUMINA,2011-01-10T00:00:00Z,T16P,SRP002535,2014-05-29T15:47:00Z,2,,@,
SRR089598,WGS,48,431927472,SAMN00189347,299223694,COLD SPRING HARBOR LABORATORY,public,"sra,fastq,run.zq","s3,ncbi,gs","ncbi.public,s3.us-east-1,gs.us-east1",SRX037035,Illumina Genome Analyzer II,T16P,SINGLE,RANDOM,GENOMIC,Homo sapiens,ILLUMINA,2011-01-10T00:00:00Z,T16P,SRP002535,2014-05-29T15:45:00Z,2,,,
SRR089599,WGS,48,367520832,SAMN00189347,249562313,COLD SPRING HARBOR LABORATORY,public,"run.zq,fastq,sra","ncbi,s3,gs","ncbi.public,s3.us-east-1,gs.us-east1",SRX037035,Illumina Genome Analyzer II,T16P,SINGLE,RANDOM,GENOMIC,Homo sapiens,ILLUMINA,2011-01-10T00:00:00Z,T16P,SRP002535,2014-05-29T15:45:00Z,2,,,
SRR089600,WGS,48,509790912,SAMN00189347,338406116,COLD SPRING HARBOR LABORATORY,public,"fastq,run.zq,sra","ncbi,s3,gs","ncbi.public,gs.us-east1,s3.us-east-1",SRX037035,Illumina Genome Analyzer II,T16P,SINGLE,RANDOM,GENOMIC,Homo sapiens,ILLUMINA,2011-01-10T00:00:00Z,T16P,SRP002535,2014-05-29T15:46:00Z,2,,@,
SRR089601,WGS,48,1234192656,SAMN00189347,761035920,COLD SPRING HARBOR LABORATORY,public,"run.zq,fastq,sra","ncbi,gs,s3","ncbi.public,gs.us-east1,s3.us-east-1",SRX037035,Illumina Genome Analyzer II,T16P,SINGLE,RANDOM,GENOMIC,Homo sapiens,ILLUMINA,2011-01-10T00:00:00Z,T16P,SRP002535,2014-05-29T15:48:00Z,2,,,
SRR089602,WGS,48,458976096,SAMN00189347,317848958,COLD SPRING HARBOR LABORATORY,public,"sra,fastq,run.zq","s3,ncbi,gs","gs.us-east1,ncbi.public,s3.us-east-1",SRX037035,Illumina Genome Analyzer II,T16P,SINGLE,RANDOM,GENOMIC,Homo sapiens,ILLUMINA,2011-01-10T00:00:00Z,T16P,SRP002535,2014-05-29T15:45:00Z,2,,,
SRR089603,WGS,48,471438528,SAMN00189347,322622478,COLD SPRING HARBOR LABORATORY,public,"run.zq,fastq,sra","gs,ncbi,s3","gs.us-east1,s3.us-east-1,ncbi.public",SRX037035,Illumina Genome Analyzer II,T16P,SINGLE,RANDOM,GENOMIC,Homo sapiens,ILLUMINA,2011-01-10T00:00:00Z,T16P,SRP002535,2014-05-29T15:45:00Z,2,,@,
SRR089604,WGS,48,434407536,SAMN00189347,291498151,COLD SPRING HARBOR LABORATORY,public,"sra,fastq,run.zq","s3,ncbi,gs","s3.us-east-1,gs.us-east1,ncbi.public",SRX037035,Illumina Genome Analyzer II,T16P,SINGLE,RANDOM,GENOMIC,Homo sapiens,ILLUMINA,2011-01-10T00:00:00Z,T16P,SRP002535,2014-05-29T15:45:00Z,2,,@,
SRR089605,WGS,48,583021536,SAMN00189347,394701406,COLD SPRING HARBOR LABORATORY,public,"run.zq,fastq,sra","gs,s3,ncbi","s3.us-east-1,ncbi.public,gs.us-east1",SRX037035,Illumina Genome Analyzer II,T16P,SINGLE,RANDOM,GENOMIC,Homo sapiens,ILLUMINA,2011-01-10T00:00:00Z,T16P,SRP002535,2014-05-29T15:46:00Z,2,,,
SRR089606,WGS,48,536824464,SAMN00189347,355748142,COLD SPRING HARBOR LABORATORY,public,"run.zq,fastq,sra","gs,s3,ncbi","ncbi.public,s3.us-east-1,gs.us-east1",SRX037035,Illumina Genome Analyzer II,T16P,SINGLE,RANDOM,GENOMIC,Homo sapiens,ILLUMINA,2011-01-10T00:00:00Z,T16P,SRP002535,2014-05-29T15:45:00Z,2,,@,
SRR089607,WGS,48,994244592,SAMN00189347,602459919,COLD SPRING HARBOR LABORATORY,public,"run.zq,sra,fastq","s3,gs,ncbi","s3.us-east-1,ncbi.public,gs.us-east1",SRX037035,Illumina Genome Analyzer II,T16P,SINGLE,RANDOM,GENOMIC,Homo sapiens,ILLUMINA,2011-01-10T00:00:00Z,T16P,SRP002535,2014-05-29T15:46:00Z,2,,,
SRR089608,WGS,48,539881392,SAMN00189347,363018421,COLD SPRING HARBOR LABORATORY,public,"sra,fastq,run.zq","ncbi,gs,s3","gs.us-east1,ncbi.public,s3.us-east-1",SRX037035,Illumina Genome Analyzer II,T16P,SINGLE,RANDOM,GENOMIC,Homo sapiens,ILLUMINA,2011-01-10T00:00:00Z,T16P,SRP002535,2014-05-29T15:46:00Z,2,,@,
SRR089609,WGS,48,846954672,SAMN00189347,520793309,COLD SPRING HARBOR LABORATORY,public,"run.zq,sra,fastq","gs,s3,ncbi","ncbi.public,s3.us-east-1,gs.us-east1",SRX037035,Illumina Genome Analyzer II,T16P,SINGLE,RANDOM,GENOMIC,Homo sapiens,ILLUMINA,2011-01-10T00:00:00Z,T16P,SRP002535,2014-05-29T15:46:00Z,2,,,
SRR089610,WGS,48,800770512,SAMN00189347,498219805,COLD SPRING HARBOR LABORATORY,public,"sra,run.zq,fastq","ncbi,s3,gs","s3.us-east-1,gs.us-east1,ncbi.public",SRX037035,Illumina Genome Analyzer II,T16P,SINGLE,RANDOM,GENOMIC,Homo sapiens,ILLUMINA,2011-01-10T00:00:00Z,T16P,SRP002535,2014-05-29T15:48:00Z,2,,@,
SRR089646,WGS,48,612248208,SAMN00189347,413242928,COLD SPRING HARBOR LABORATORY,public,"fastq,sra,run.zq","gs,ncbi,s3","gs.us-east1,s3.us-east-1,ncbi.public",SRX037035,Illumina Genome Analyzer II,T16P,SINGLE,RANDOM,GENOMIC,Homo sapiens,ILLUMINA,2011-01-10T00:00:00Z,T16P,SRP002535,2014-05-29T15:46:00Z,2,,@,
SRR089659,WGS,48,1118034096,SAMN00189347,760166151,COLD SPRING HARBOR LABORATORY,public,"run.zq,fastq,sra","s3,gs,ncbi","s3.us-east-1,ncbi.public,gs.us-east1",SRX037035,Illumina Genome Analyzer II,T16P,SINGLE,RANDOM,GENOMIC,Homo sapiens,ILLUMINA,2011-01-10T00:00:00Z,T16P,SRP002535,2014-05-29T15:48:00Z,2,,@,
SRR089662,WGS,48,651673104,SAMN00189347,411437790,COLD SPRING HARBOR LABORATORY,public,"sra,fastq,run.zq","s3,gs,ncbi","gs.us-east1,ncbi.public,s3.us-east-1",SRX037035,Illumina Genome Analyzer II,T16P,SINGLE,RANDOM,GENOMIC,Homo sapiens,ILLUMINA,2011-01-10T00:00:00Z,T16P,SRP002535,2014-05-29T15:47:00Z,2,,,
SRR089663,WGS,48,1077595440,SAMN00189347,675658798,COLD SPRING HARBOR LABORATORY,public,"run.zq,fastq,sra","ncbi,gs,s3","gs.us-east1,ncbi.public,s3.us-east-1",SRX037035,Illumina Genome Analyzer II,T16P,SINGLE,RANDOM,GENOMIC,Homo sapiens,ILLUMINA,2011-01-10T00:00:00Z,T16P,SRP002535,2014-05-29T15:48:00Z,2,,,
SRR089664,WGS,48,1020958272,SAMN00189347,697575111,COLD SPRING HARBOR LABORATORY,public,"sra,fastq,run.zq","s3,ncbi,gs","s3.us-east-1,ncbi.public,gs.us-east1",SRX037035,Illumina Genome Analyzer II,T16P,SINGLE,RANDOM,GENOMIC,Homo sapiens,ILLUMINA,2011-01-10T00:00:00Z,T16P,SRP002535,2014-05-29T15:48:00Z,2,,@,
SRR089665,WGS,48,1013587488,SAMN00189347,647938140,COLD SPRING HARBOR LABORATORY,public,"run.zq,fastq,sra","s3,ncbi,gs","s3.us-east-1,gs.us-east1,ncbi.public",SRX037035,Illumina Genome Analyzer II,T16P,SINGLE,RANDOM,GENOMIC,Homo sapiens,ILLUMINA,2011-01-10T00:00:00Z,T16P,SRP002535,2014-05-29T15:48:00Z,2,,,
SRR089666,WGS,48,284710416,SAMN00189347,174189644,COLD SPRING HARBOR LABORATORY,public,"fastq,run.zq,sra","gs,ncbi,s3","gs.us-east1,s3.us-east-1,ncbi.public",SRX037035,Illumina Genome Analyzer II,T16P,SINGLE,RANDOM,GENOMIC,Homo sapiens,ILLUMINA,2011-01-10T00:00:00Z,T16P,SRP002535,2014-05-29T15:45:00Z,2,,@,
SRR089694,WGS,48,931336368,SAMN00189347,601544276,COLD SPRING HARBOR LABORATORY,public,"fastq,run.zq,sra","ncbi,gs,s3","gs.us-east1,s3.us-east-1,ncbi.public",SRX037035,Illumina Genome Analyzer II,T16P,SINGLE,RANDOM,GENOMIC,Homo sapiens,ILLUMINA,2011-01-10T00:00:00Z,T16P,SRP002535,2014-05-29T15:50:00Z,2,,,
SRR089695,WGS,48,950943552,SAMN00189347,654837144,COLD SPRING HARBOR LABORATORY,public,"run.zq,fastq,sra","s3,gs,ncbi","gs.us-east1,s3.us-east-1,ncbi.public",SRX037035,Illumina Genome Analyzer II,T16P,SINGLE,RANDOM,GENOMIC,Homo sapiens,ILLUMINA,2011-01-10T00:00:00Z,T16P,SRP002535,2014-05-29T15:50:00Z,2,,,
SRR089696,WGS,48,1171401072,SAMN00189347,783002744,COLD SPRING HARBOR LABORATORY,public,"fastq,run.zq,sra","s3,gs,ncbi","gs.us-east1,ncbi.public,s3.us-east-1",SRX037035,Illumina Genome Analyzer II,T16P,SINGLE,RANDOM,GENOMIC,Homo sapiens,ILLUMINA,2011-01-10T00:00:00Z,T16P,SRP002535,2014-05-29T15:51:00Z,2,,@,
SRR089697,WGS,76,854015724,SAMN00189347,611892491,COLD SPRING HARBOR LABORATORY,public,"run.zq,sra,fastq","s3,ncbi,gs","s3.us-east-1,gs.us-east1,ncbi.public",SRX037035,Illumina Genome Analyzer II,T16P,SINGLE,RANDOM,GENOMIC,Homo sapiens,ILLUMINA,2011-01-10T00:00:00Z,T16P,SRP002535,2014-05-29T15:49:00Z,2,,@,
SRR089698,WGS,48,1126302624,SAMN00189347,713774511,COLD SPRING HARBOR LABORATORY,public,"sra,fastq,run.zq","ncbi,gs,s3","ncbi.public,gs.us-east1,s3.us-east-1",SRX037035,Illumina Genome Analyzer II,T16P,SINGLE,RANDOM,GENOMIC,Homo sapiens,ILLUMINA,2011-01-10T00:00:00Z,T16P,SRP002535,2014-05-29T15:52:00Z,2,,@,
SRR089699,WGS,48,1095314784,SAMN00189347,759796780,COLD SPRING HARBOR LABORATORY,public,"sra,fastq,run.zq","gs,s3,ncbi","ncbi.public,gs.us-east1,s3.us-east-1",SRX037035,Illumina Genome Analyzer II,T16P,SINGLE,RANDOM,GENOMIC,Homo sapiens,ILLUMINA,2011-01-10T00:00:00Z,T16P,SRP002535,2014-05-29T15:51:00Z,2,,,
SRR089700,WGS,48,1089442944,SAMN00189347,736047397,COLD SPRING HARBOR LABORATORY,public,"fastq,run.zq,sra","ncbi,s3,gs","ncbi.public,s3.us-east-1,gs.us-east1",SRX037035,Illumina Genome Analyzer II,T16P,SINGLE,RANDOM,GENOMIC,Homo sapiens,ILLUMINA,2011-01-10T00:00:00Z,T16P,SRP002535,2014-05-29T15:51:00Z,2,,@,
SRR089701,WGS,48,1048346448,SAMN00189347,654834266,COLD SPRING HARBOR LABORATORY,public,"run.zq,fastq,sra","gs,ncbi,s3","ncbi.public,s3.us-east-1,gs.us-east1",SRX037035,Illumina Genome Analyzer II,T16P,SINGLE,RANDOM,GENOMIC,Homo sapiens,ILLUMINA,2011-01-10T00:00:00Z,T16P,SRP002535,2014-05-29T15:51:00Z,2,,@,
SRR089702,WGS,48,1285954368,SAMN00189347,878332961,COLD SPRING HARBOR LABORATORY,public,"run.zq,sra,fastq","gs,ncbi,s3","ncbi.public,gs.us-east1,s3.us-east-1",SRX037035,Illumina Genome Analyzer II,T16P,SINGLE,RANDOM,GENOMIC,Homo sapiens,ILLUMINA,2011-01-10T00:00:00Z,T16P,SRP002535,2014-05-29T15:52:00Z,2,,@,
SRR089705,WGS,76,2043917932,SAMN00189424,1188306277,COLD SPRING HARBOR LABORATORY,public,"fastq,sra,run.zq","ncbi,s3,gs","gs.us-east1,s3.us-east-1,ncbi.public",SRX037132,Illumina Genome Analyzer II,T16M,SINGLE,RANDOM,GENOMIC,Homo sapiens,ILLUMINA,2011-01-10T00:00:00Z,T16M,SRP002535,2014-05-29T15:52:00Z,2,,,
SRR089706,WGS,48,391165584,SAMN00189424,239484938,COLD SPRING HARBOR LABORATORY,public,"sra,run.zq,fastq","s3,ncbi,gs","ncbi.public,gs.us-east1,s3.us-east-1",SRX037132,Illumina Genome Analyzer II,T16M,SINGLE,RANDOM,GENOMIC,Homo sapiens,ILLUMINA,2011-01-10T00:00:00Z,T16M,SRP002535,2014-05-29T15:49:00Z,2,,@,
SRR089707,WGS,76,1574266052,SAMN00189424,905956954,COLD SPRING HARBOR LABORATORY,public,"sra,run.zq,fastq","s3,ncbi,gs","gs.us-east1,s3.us-east-1,ncbi.public",SRX037132,Illumina Genome Analyzer II,T16M,SINGLE,RANDOM,GENOMIC,Homo sapiens,ILLUMINA,2011-01-10T00:00:00Z,T16M,SRP002535,2014-05-29T15:52:00Z,2,,,
SRR089708,WGS,76,1588084752,SAMN00189424,916507037,COLD SPRING HARBOR LABORATORY,public,"run.zq,fastq,sra","gs,s3,ncbi","gs.us-east1,s3.us-east-1,ncbi.public",SRX037132,Illumina Genome Analyzer II,T16M,SINGLE,RANDOM,GENOMIC,Homo sapiens,ILLUMINA,2011-01-10T00:00:00Z,T16M,SRP002535,2014-05-29T15:52:00Z,2,,,
SRR089709,WGS,76,1746605020,SAMN00189424,1071168331,COLD SPRING HARBOR LABORATORY,public,"sra,run.zq,fastq","ncbi,s3,gs","ncbi.public,gs.us-east1,s3.us-east-1",SRX037132,Illumina Genome Analyzer II,T16M,SINGLE,RANDOM,GENOMIC,Homo sapiens,ILLUMINA,2011-01-10T00:00:00Z,T16M,SRP002535,2014-05-29T15:52:00Z,2,,,
SRR089710,WGS,48,864583968,SAMN00189424,636155952,COLD SPRING HARBOR LABORATORY,public,"fastq,run.zq,sra","gs,ncbi,s3","ncbi.public,gs.us-east1,s3.us-east-1",SRX037132,Illumina Genome Analyzer II,T16M,SINGLE,RANDOM,GENOMIC,Homo sapiens,ILLUMINA,2011-01-10T00:00:00Z,T16M,SRP002535,2014-05-29T15:50:00Z,2,,@,
SRR089711,WGS,48,1038666528,SAMN00189424,695657967,COLD SPRING HARBOR LABORATORY,public,"fastq,sra,run.zq","ncbi,s3,gs","ncbi.public,gs.us-east1,s3.us-east-1",SRX037132,Illumina Genome Analyzer II,T16M,SINGLE,RANDOM,GENOMIC,Homo sapiens,ILLUMINA,2011-01-10T00:00:00Z,T16M,SRP002535,2014-05-29T15:51:00Z,2,,,
SRR089712,WGS,76,1628777356,SAMN00189424,998071806,COLD SPRING HARBOR LABORATORY,public,"sra,fastq,run.zq","s3,gs,ncbi","gs.us-east1,s3.us-east-1,ncbi.public",SRX037132,Illumina Genome Analyzer II,T16M,SINGLE,RANDOM,GENOMIC,Homo sapiens,ILLUMINA,2011-01-10T00:00:00Z,T16M,SRP002535,2014-05-29T15:52:00Z,2,,,
SRR089713,WGS,48,882421440,SAMN00189424,662727261,COLD SPRING HARBOR LABORATORY,public,"fastq,run.zq,sra","s3,gs,ncbi","gs.us-east1,s3.us-east-1,ncbi.public",SRX037132,Illumina Genome Analyzer II,T16M,SINGLE,RANDOM,GENOMIC,Homo sapiens,ILLUMINA,2011-01-10T00:00:00Z,T16M,SRP002535,2014-05-29T15:50:00Z,2,,@,
SRR089714,WGS,48,1130204688,SAMN00189424,700264576,COLD SPRING HARBOR LABORATORY,public,"sra,run.zq,fastq","s3,ncbi,gs","s3.us-east-1,gs.us-east1,ncbi.public",SRX037132,Illumina Genome Analyzer II,T16M,SINGLE,RANDOM,GENOMIC,Homo sapiens,ILLUMINA,2011-01-10T00:00:00Z,T16M,SRP002535,2014-05-29T15:51:00Z,2,,,
SRR089715,WGS,76,1995323836,SAMN00189424,1274951013,COLD SPRING HARBOR LABORATORY,public,"fastq,run.zq,sra","gs,s3,ncbi","ncbi.public,s3.us-east-1,gs.us-east1",SRX037132,Illumina Genome Analyzer II,T16M,SINGLE,RANDOM,GENOMIC,Homo sapiens,ILLUMINA,2011-01-10T00:00:00Z,T16M,SRP002535,2014-05-29T15:52:00Z,2,,,
SRR089716,WGS,48,1053821568,SAMN00189424,762634279,COLD SPRING HARBOR LABORATORY,public,"sra,fastq,run.zq","s3,ncbi,gs","ncbi.public,gs.us-east1,s3.us-east-1",SRX037132,Illumina Genome Analyzer II,T16M,SINGLE,RANDOM,GENOMIC,Homo sapiens,ILLUMINA,2011-01-10T00:00:00Z,T16M,SRP002535,2014-05-29T15:51:00Z,2,,,
SRR089717,WGS,48,1201727712,SAMN00189424,791123431,COLD SPRING HARBOR LABORATORY,public,"fastq,run.zq","ncbi,s3,gs","ncbi.public,gs.us-east1,s3.us-east-1",SRX037132,Illumina Genome Analyzer II,T16M,SINGLE,RANDOM,GENOMIC,Homo sapiens,ILLUMINA,2011-01-10T00:00:00Z,T16M,SRP002535,,,,,
SRR089719,WGS,48,666033792,SAMN00189424,501014848,COLD SPRING HARBOR LABORATORY,public,"run.zq,fastq,sra","gs,ncbi,s3","gs.us-east1,s3.us-east-1,ncbi.public",SRX037132,Illumina Genome Analyzer II,T16M,SINGLE,RANDOM,GENOMIC,Homo sapiens,ILLUMINA,2011-01-10T00:00:00Z,T16M,SRP002535,2014-05-29T15:49:00Z,2,,@,
SRR089722,WGS,48,1100926992,SAMN00189424,724754259,COLD SPRING HARBOR LABORATORY,public,"run.zq,fastq,sra","s3,ncbi,gs","gs.us-east1,s3.us-east-1,ncbi.public",SRX037132,Illumina Genome Analyzer II,T16M,SINGLE,RANDOM,GENOMIC,Homo sapiens,ILLUMINA,2011-01-10T00:00:00Z,T16M,SRP002535,2014-05-29T15:53:00Z,2,,,
SRR089730,WGS,76,1605652380,SAMN00189424,1002772040,COLD SPRING HARBOR LABORATORY,public,"fastq,run.zq,sra","gs,ncbi,s3","gs.us-east1,ncbi.public,s3.us-east-1",SRX037132,Illumina Genome Analyzer II,T16M,SINGLE,RANDOM,GENOMIC,Homo sapiens,ILLUMINA,2011-01-10T00:00:00Z,T16M,SRP002535,2014-05-29T15:53:00Z,2,,,
SRR089731,WGS,76,1291500832,SAMN00189424,759628760,COLD SPRING HARBOR LABORATORY,public,"sra,fastq,run.zq","gs,ncbi,s3","ncbi.public,gs.us-east1,s3.us-east-1",SRX037132,Illumina Genome Analyzer II,T16M,SINGLE,RANDOM,GENOMIC,Homo sapiens,ILLUMINA,2011-01-10T00:00:00Z,T16M,SRP002535,2014-05-29T15:53:00Z,2,,,
SRR089733,WGS,48,1219906848,SAMN00189424,770829754,COLD SPRING HARBOR LABORATORY,public,"run.zq,sra,fastq","ncbi,gs,s3","gs.us-east1,ncbi.public,s3.us-east-1",SRX037132,Illumina Genome Analyzer II,T16M,SINGLE,RANDOM,GENOMIC,Homo sapiens,ILLUMINA,2011-01-10T00:00:00Z,T16M,SRP002535,2014-05-29T15:54:00Z,2,,,
SRR089748,WGS,76,893378708,SAMN00189424,502648446,COLD SPRING HARBOR LABORATORY,public,"sra,fastq,run.zq","s3,gs,ncbi","s3.us-east-1,ncbi.public,gs.us-east1",SRX037132,Illumina Genome Analyzer II,T16M,SINGLE,RANDOM,GENOMIC,Homo sapiens,ILLUMINA,2011-01-10T00:00:00Z,T16M,SRP002535,2014-05-29T15:53:00Z,2,,,
SRR089749,WGS,76,1637758124,SAMN00189424,953849909,COLD SPRING HARBOR LABORATORY,public,"sra,fastq,run.zq","gs,ncbi,s3","gs.us-east1,ncbi.public,s3.us-east-1",SRX037132,Illumina Genome Analyzer II,T16M,SINGLE,RANDOM,GENOMIC,Homo sapiens,ILLUMINA,2011-01-10T00:00:00Z,T16M,SRP002535,2014-05-29T15:54:00Z,2,,,
SRR089750,WGS,48,1258082544,SAMN00189424,800452949,COLD SPRING HARBOR LABORATORY,public,"run.zq,sra,fastq","ncbi,s3,gs","s3.us-east-1,ncbi.public,gs.us-east1",SRX037132,Illumina Genome Analyzer II,T16M,SINGLE,RANDOM,GENOMIC,Homo sapiens,ILLUMINA,2011-01-10T00:00:00Z,T16M,SRP002535,2014-05-29T15:55:00Z,2,,@,
SRR089751,WGS,48,1662810576,SAMN00189424,1117206408,COLD SPRING HARBOR LABORATORY,public,"fastq,run.zq,sra","gs,ncbi,s3","ncbi.public,s3.us-east-1,gs.us-east1",SRX037132,Illumina Genome Analyzer II,T16M,SINGLE,RANDOM,GENOMIC,Homo sapiens,ILLUMINA,2011-01-10T00:00:00Z,T16M,SRP002535,2014-05-29T15:56:00Z,2,,,
SRR089752,WGS,48,1700740704,SAMN00189424,1157773907,COLD SPRING HARBOR LABORATORY,public,"fastq,run.zq,sra","ncbi,s3,gs","gs.us-east1,ncbi.public,s3.us-east-1",SRX037132,Illumina Genome Analyzer II,T16M,SINGLE,RANDOM,GENOMIC,Homo sapiens,ILLUMINA,2011-01-10T00:00:00Z,T16M,SRP002535,2014-05-29T15:57:00Z,2,,,
SRR089753,WGS,48,1446334416,SAMN00189424,957841466,COLD SPRING HARBOR LABORATORY,public,"run.zq,fastq,sra","s3,ncbi,gs","ncbi.public,gs.us-east1,s3.us-east-1",SRX037132,Illumina Genome Analyzer II,T16M,SINGLE,RANDOM,GENOMIC,Homo sapiens,ILLUMINA,2011-01-10T00:00:00Z,T16M,SRP002535,2014-05-29T15:56:00Z,2,,,
SRR089754,WGS,48,1551503136,SAMN00189424,1076890889,COLD SPRING HARBOR LABORATORY,public,"run.zq,fastq,sra","ncbi,gs,s3","s3.us-east-1,gs.us-east1,ncbi.public",SRX037132,Illumina Genome Analyzer II,T16M,SINGLE,RANDOM,GENOMIC,Homo sapiens,ILLUMINA,2011-01-10T00:00:00Z,T16M,SRP002535,2014-05-29T15:57:00Z,2,,,
SRR089755,WGS,48,1291195488,SAMN00189424,888001334,COLD SPRING HARBOR LABORATORY,public,"fastq,sra,run.zq","gs,s3,ncbi","ncbi.public,s3.us-east-1,gs.us-east1",SRX037132,Illumina Genome Analyzer II,T16M,SINGLE,RANDOM,GENOMIC,Homo sapiens,ILLUMINA,2011-01-10T00:00:00Z,T16M,SRP002535,2014-05-29T15:55:00Z,2,,,
SRR089756,WGS,76,1604058204,SAMN00189424,922554471,COLD SPRING HARBOR LABORATORY,public,"sra,fastq,run.zq","s3,gs,ncbi","ncbi.public,gs.us-east1,s3.us-east-1",SRX037132,Illumina Genome Analyzer II,T16M,SINGLE,RANDOM,GENOMIC,Homo sapiens,ILLUMINA,2011-01-10T00:00:00Z,T16M,SRP002535,2014-05-29T15:55:00Z,2,,,
SRR089757,WGS,48,900757968,SAMN00189424,603302563,COLD SPRING HARBOR LABORATORY,public,"fastq,run.zq,sra","s3,ncbi,gs","gs.us-east1,ncbi.public,s3.us-east-1",SRX037132,Illumina Genome Analyzer II,T16M,SINGLE,RANDOM,GENOMIC,Homo sapiens,ILLUMINA,2011-01-10T00:00:00Z,T16M,SRP002535,2014-05-29T15:55:00Z,2,,,
SRR089817,WGS,48,883236000,SAMN00189424,590340736,COLD SPRING HARBOR LABORATORY,public,"run.zq,sra,fastq","s3,gs,ncbi","s3.us-east-1,ncbi.public,gs.us-east1",SRX037132,Illumina Genome Analyzer II,T16M,SINGLE,RANDOM,GENOMIC,Homo sapiens,ILLUMINA,2011-01-10T00:00:00Z,T16M,SRP002535,2014-05-29T15:57:00Z,2,,,
SRR090126,WGS,48,1146736128,SAMN00189424,724628509,COLD SPRING HARBOR LABORATORY,public,"fastq,run.zq,sra","s3,gs,ncbi","ncbi.public,s3.us-east-1,gs.us-east1",SRX037132,Illumina Genome Analyzer II,T16M,SINGLE,RANDOM,GENOMIC,Homo sapiens,ILLUMINA,2011-01-10T00:00:00Z,T16M,SRP002535,2014-05-29T15:58:00Z,2,,@,
SRR090129,WGS,48,1003812144,SAMN00189424,685510810,COLD SPRING HARBOR LABORATORY,public,"fastq,sra,run.zq","gs,ncbi,s3","ncbi.public,gs.us-east1,s3.us-east-1",SRX037132,Illumina Genome Analyzer II,T16M,SINGLE,RANDOM,GENOMIC,Homo sapiens,ILLUMINA,2011-01-10T00:00:00Z,T16M,SRP002535,2014-05-29T15:58:00Z,2,,,
SRR090130,WGS,48,891292512,SAMN00189424,597544304,COLD SPRING HARBOR LABORATORY,public,"run.zq,sra,fastq","ncbi,s3,gs","s3.us-east-1,ncbi.public,gs.us-east1",SRX037132,Illumina Genome Analyzer II,T16M,SINGLE,RANDOM,GENOMIC,Homo sapiens,ILLUMINA,2011-01-10T00:00:00Z,T16M,SRP002535,2014-05-29T15:57:00Z,2,,,
SRR090131,WGS,48,1003432224,SAMN00189424,610949261,COLD SPRING HARBOR LABORATORY,public,"sra,run.zq,fastq","gs,ncbi,s3","gs.us-east1,ncbi.public,s3.us-east-1",SRX037132,Illumina Genome Analyzer II,T16M,SINGLE,RANDOM,GENOMIC,Homo sapiens,ILLUMINA,2011-01-10T00:00:00Z,T16M,SRP002535,2014-05-29T15:58:00Z,2,,,
SRR090133,WGS,48,898690752,SAMN00189424,540776422,COLD SPRING HARBOR LABORATORY,public,"run.zq,fastq,sra","s3,gs,ncbi","ncbi.public,s3.us-east-1,gs.us-east1",SRX037132,Illumina Genome Analyzer II,T16M,SINGLE,RANDOM,GENOMIC,Homo sapiens,ILLUMINA,2011-01-10T00:00:00Z,T16M,SRP002535,2014-05-29T15:58:00Z,2,,,
SRR090135,WGS,76,893378708,SAMN00189424,502648499,COLD SPRING HARBOR LABORATORY,public,"run.zq,sra","ncbi,gs,s3","s3.us-east-1,ncbi.public,gs.us-east1",SRX037132,Illumina Genome Analyzer II,T16M,SINGLE,RANDOM,GENOMIC,Homo sapiens,ILLUMINA,2011-01-10T00:00:00Z,T16M,SRP002535,2014-05-29T15:57:00Z,2,,,
SRR090142,WGS,76,1909848612,SAMN00189424,1227894939,COLD SPRING HARBOR LABORATORY,public,"sra,fastq,run.zq","gs,s3,ncbi","ncbi.public,gs.us-east1,s3.us-east-1",SRX037132,Illumina Genome Analyzer II,T16M,SINGLE,RANDOM,GENOMIC,Homo sapiens,ILLUMINA,2011-01-10T00:00:00Z,T16M,SRP002535,2014-05-29T16:00:00Z,2,,,
SRR090144,WGS,76,2097139364,SAMN00189424,1404078346,COLD SPRING HARBOR LABORATORY,public,"run.zq,fastq","s3,ncbi,gs","s3.us-east-1,ncbi.public,gs.us-east1",SRX037132,Illumina Genome Analyzer II,T16M,SINGLE,RANDOM,GENOMIC,Homo sapiens,ILLUMINA,2011-01-10T00:00:00Z,T16M,SRP002535,,,,@,
SRR090155,WGS,76,1350934428,SAMN00189424,859000302,COLD SPRING HARBOR LABORATORY,public,"fastq,run.zq,sra","s3,ncbi,gs","s3.us-east-1,ncbi.public,gs.us-east1",SRX037132,Illumina Genome Analyzer II,T16M,SINGLE,RANDOM,GENOMIC,Homo sapiens,ILLUMINA,2011-01-10T00:00:00Z,T16M,SRP002535,2014-05-29T15:59:00Z,2,,,
SRR090156,WGS,76,1372699688,SAMN00189424,749700892,COLD SPRING HARBOR LABORATORY,public,"sra,fastq,run.zq","gs,s3,ncbi","gs.us-east1,ncbi.public,s3.us-east-1",SRX037132,Illumina Genome Analyzer II,T16M,SINGLE,RANDOM,GENOMIC,Homo sapiens,ILLUMINA,2011-01-10T00:00:00Z,T16M,SRP002535,2014-05-29T15:59:00Z,2,,@,
SRR090158,WGS,76,1233307252,SAMN00189424,689349572,COLD SPRING HARBOR LABORATORY,public,"run.zq,fastq,sra","ncbi,s3,gs","ncbi.public,gs.us-east1,s3.us-east-1",SRX037132,Illumina Genome Analyzer II,T16M,SINGLE,RANDOM,GENOMIC,Homo sapiens,ILLUMINA,2011-01-10T00:00:00Z,T16M,SRP002535,2014-05-29T15:58:00Z,2,,@,
SRR090159,WGS,48,1050099936,SAMN00189424,640655550,COLD SPRING HARBOR LABORATORY,public,"run.zq,sra,fastq","s3,gs,ncbi","gs.us-east1,ncbi.public,s3.us-east-1",SRX037132,Illumina Genome Analyzer II,T16M,SINGLE,RANDOM,GENOMIC,Homo sapiens,ILLUMINA,2011-01-10T00:00:00Z,T16M,SRP002535,2014-05-29T15:59:00Z,2,,@,
SRR090198,WGS,76,1940821196,SAMN00189424,1180969776,COLD SPRING HARBOR LABORATORY,public,"sra,fastq,run.zq","ncbi,s3,gs","gs.us-east1,ncbi.public,s3.us-east-1",SRX037132,Illumina Genome Analyzer II,T16M,SINGLE,RANDOM,GENOMIC,Homo sapiens,ILLUMINA,2011-01-10T00:00:00Z,T16M,SRP002535,2014-05-29T16:00:00Z,2,,,
SRR090206,WGS,76,1861709300,SAMN00189424,1049424830,COLD SPRING HARBOR LABORATORY,public,"run.zq,fastq,sra","ncbi,gs,s3","gs.us-east1,s3.us-east-1,ncbi.public",SRX037132,Illumina Genome Analyzer II,T16M,SINGLE,RANDOM,GENOMIC,Homo sapiens,ILLUMINA,2011-01-10T00:00:00Z,T16M,SRP002535,2014-05-29T16:00:00Z,2,,,
SRR090209,WGS,48,1065272496,SAMN00189424,634621883,COLD SPRING HARBOR LABORATORY,public,"fastq,sra,run.zq","gs,ncbi,s3","ncbi.public,s3.us-east-1,gs.us-east1",SRX037132,Illumina Genome Analyzer II,T16M,SINGLE,RANDOM,GENOMIC,Homo sapiens,ILLUMINA,2011-01-10T00:00:00Z,T16M,SRP002535,2014-05-29T16:00:00Z,2,,@,
SRR090210,WGS,48,1267685808,SAMN00189424,778741160,COLD SPRING HARBOR LABORATORY,public,"fastq,sra,run.zq","gs,ncbi,s3","ncbi.public,gs.us-east1,s3.us-east-1",SRX037132,Illumina Genome Analyzer II,T16M,SINGLE,RANDOM,GENOMIC,Homo sapiens,ILLUMINA,2011-01-10T00:00:00Z,T16M,SRP002535,2014-05-29T16:01:00Z,2,,,
SRR090211,WGS,48,1314800160,SAMN00189424,809408284,COLD SPRING HARBOR LABORATORY,public,"fastq,run.zq,sra","s3,ncbi,gs","ncbi.public,gs.us-east1,s3.us-east-1",SRX037132,Illumina Genome Analyzer II,T16M,SINGLE,RANDOM,GENOMIC,Homo sapiens,ILLUMINA,2011-01-10T00:00:00Z,T16M,SRP002535,2014-05-29T16:00:00Z,2,,,
SRR090212,WGS,48,1241000832,SAMN00189424,756616487,COLD SPRING HARBOR LABORATORY,public,"sra,run.zq,fastq","ncbi,s3,gs","s3.us-east-1,ncbi.public,gs.us-east1",SRX037132,Illumina Genome Analyzer II,T16M,SINGLE,RANDOM,GENOMIC,Homo sapiens,ILLUMINA,2011-01-10T00:00:00Z,T16M,SRP002535,2014-05-29T16:01:00Z,2,,,
SRR090213,WGS,48,1395531216,SAMN00189424,856114791,COLD SPRING HARBOR LABORATORY,public,"sra,run.zq,fastq","ncbi,s3,gs","s3.us-east-1,gs.us-east1,ncbi.public",SRX037132,Illumina Genome Analyzer II,T16M,SINGLE,RANDOM,GENOMIC,Homo sapiens,ILLUMINA,2011-01-10T00:00:00Z,T16M,SRP002535,2014-05-29T16:01:00Z,2,,,
